"","Year","epiweek","Outbreak","rain11","salinity9","temperature1","temperature6","par6","wspd7","wdir6","wdir7","NVcount"
"1",2003,12,0,23.76,28,7.92,7.59,10.97,"5.42","-47.11","128.4","5"
"2",2003,13,0,1.41,27.66,8.67,7.47,12.21,"3.15","168.69","-47.11","11"
"3",2003,14,0,1.08,27.76,8.42,8.16,12.56,"3.67","104.66","168.69","7"
"4",2003,15,0,12.82,27.63,8.58,7.67,20.71,"5.39","-34.03","104.66","2"
"5",2003,16,0,4.88,27.64,8.47,7.73,17.47,"2.67","-41.85","-34.03","6"
"6",2003,17,0,0.07,28.34,9.06,7.92,11.9,"3.55","121.53","-41.85","3"
"7",2003,18,0,0.95,28.16,9.59,8.67,18.03,"7.15","130.19999999999999","121.53","12"
"8",2003,19,0,1.72,28.32,12.23,8.42,26.28,"8.1199999999999992","120.53","130.19999999999999","6"
"9",2003,20,0,0.57,27.59,11.87,8.58,24.26,"5.45","115.97","120.53","4"
"10",2003,21,0,0.83,27.34,12.7,8.47,22.72,"5.36","125.66","115.97","6"
"11",2003,22,0,14.68,27.78,12.03,9.06,25.31,"6.96","120","125.66","7"
"12",2003,23,0,8.21,28.71,13.53,9.59,33.5,"5.56","137.49","120","0"
"13",2003,24,0,2.26,26.78,14.47,12.23,46.67,"5.04","91.85","137.49","1"
"14",2003,25,0,3.15,26.99,15.53,11.87,47.17,"3.7","-49.17","91.85","3"
"15",2003,26,0,8.52,27.45,15.1,12.7,41.73,"4.2699999999999996","-46.51","-49.17","3"
"16",2003,27,0,3.25,27.6,17.82,12.03,31.45,"4.2300000000000004","127.26","-46.51","1"
"17",2003,28,0,2.95,26.69,17.66,13.53,47.53,"4.3600000000000003","163.30000000000001","127.26","1"
"18",2003,29,0,0.29,27.09,18.47,14.47,57.56,"4.53","-55.3","163.30000000000001","1"
"19",2003,30,0,1.29,26.36,15.56,15.53,47.27,"5.82","129.81","-55.3","0"
"20",2003,31,0,1.26,25.92,19.78,15.1,52.6,"5.93","-50.56","129.81","0"
"21",2003,32,0,2.6,26.82,19.51,17.82,58.29,"3.74","-56.78","-50.56","0"
"22",2003,33,0,0.29,27.98,18.17,17.66,48.52,"3.73","-48.75","-56.78","1"
"23",2003,34,0,0.11,26.75,18.9,18.47,47.29,"4.0599999999999996","104.04","-48.75","1"
"24",2003,35,0,0.54,24.98,18.64,15.56,43.86,"4.04","129.18","104.04","1"
"25",2003,36,0,0.47,25.88,18.23,19.78,54.44,"4.6900000000000004","-40.14","129.18","0"
"26",2003,37,0,0.02,25.97,18.16,19.51,56.79,"4.5999999999999996","-52.72","-40.14","1"
"27",2003,38,0,1.19,26.96,15.79,18.17,47.87,"5.4","80.540000000000006","-52.72","0"
"28",2003,39,0,0.51,24.52,14.43,18.9,41.7,"3.75","-66.040000000000006","80.540000000000006","0"
"29",2003,40,0,1.24,26.27,15.49,18.64,47.36,"3.97","-51.23","-66.040000000000006","0"
"30",2003,41,0,0,27.55,14.86,18.23,36.06,"4.3099999999999996","-49.71","-51.23","1"
"31",2003,42,0,0,25.37,12.36,18.16,37.05,"3.31","-52.49","-49.71","0"
"32",2003,43,0,0.23,27.09,10.88,15.79,31.18,"5.17","103.28","-52.49","0"
"33",2003,44,0,0.51,27.39,11.5,14.43,28.24,"4.53","75.12","103.28","0"
"34",2003,45,0,0,27.41,10.68,15.49,26.98,"5.46","-57.17","75.12","0"
"35",2003,46,0,0.24,28.27,9.63,14.86,27.01,"3.35","-71.77","-57.17","2"
"36",2003,47,0,1.62,28.05,8.93,12.36,13.38,"2.69","129.99","-71.77","1"
"37",2003,48,0,1.04,28.34,8.91,10.88,8.82,"7.03","108.4","129.99","0"
"38",2003,49,0,1.78,27.93,8.25,11.5,11.95,"7.85","115.05","108.4","0"
"39",2003,50,0,0.01,28.74,8.34,10.68,14.09,"4.43","-31.37","115.05","3"
"40",2003,51,0,0.02,27.73,7.87,9.63,16.19,"4.7","-46.77","-31.37","1"
"41",2003,52,0,10.73,24.98,7.87,8.93,7.34,"3.36","73.3","-46.77","1"
"42",2003,53,0,21.62,24.87,7.98,8.91,5.95,"4.26","94.51","73.3","1"
"43",2004,1,1,6.74,26.44,7.22,8.25,5.65,"5.57","111.83","94.51","1"
"44",2004,2,1,0.23,26.92,6.53,8.34,5.07,"7.61","122.32","111.83","0"
"45",2004,3,1,0.07,27.69,7.64,7.87,4.72,"6.99","112.45","122.32","0"
"46",2004,4,1,2.78,27.36,7.49,7.87,3.55,"4.8","125.85","112.45","3"
"47",2004,5,1,7.75,27.24,7.04,7.98,4.03,"6.3","126.7","125.85","3"
"48",2004,6,1,6.54,27.11,7.06,7.22,4.73,"7.14","66","126.7","1"
"49",2004,7,1,7.94,27.14,6.69,6.53,3.94,"6.31","NA","66","2"
"50",2004,8,1,4.5,27.99,7.94,7.64,3.61,"NA","NA","NA","1"
"51",2004,9,0.29,8.67,28.35,7.8,7.49,4.02,"NA","34.880000000000003","NA","2"
"52",2004,10,0,4.43,27.76,7.99,7.04,5.14,"4.07","66","34.880000000000003","2"
"53",2004,11,0,1.91,26.34,8.11,7.06,8.36,"5.78","110.52","66","4"
"54",2004,12,0,5.71,26.97,8.59,6.69,11.64,"5.48","-49.03","110.52","2"
"55",2004,13,0,5.35,27.65,8.66,7.94,12.04,"2.85","114.63","-49.03","3"
"56",2004,14,0,3.28,27.48,9.55,7.8,12.88,"4.47","129.19","114.63","4"
"57",2004,15,0,7.97,26.91,10.46,7.99,19.19,"3.35","14.93","129.19","2"
"58",2004,16,0,4.16,27.59,11.01,8.11,23.27,"5.95","-17.190000000000001","14.93","1"
"59",2004,17,0,1.34,26.93,10.88,8.59,20.53,"5.15","132.25","-17.190000000000001","6"
"60",2004,18,0,3.91,27.42,13.09,8.66,19.65,"4.8","122.17","132.25","6"
"61",2004,19,0,2.76,27.98,12.88,9.55,33.76,"5.65","-65.430000000000007","122.17","8"
"62",2004,20,0,3.76,28.36,13.49,10.46,41.34,"3.69","-61.65","-65.430000000000007","4"
"63",2004,21,0,0.88,27.92,15.53,11.01,34.3,"3.72","128.53","-61.65","3"
"64",2004,22,0,1.81,27.88,14.86,10.88,41.72,"3.77","135.97999999999999","128.53","4"
"65",2004,23,0,5.29,27.93,15.24,13.09,45.54,"5.85","-49.71","135.97999999999999","6"
"66",2004,24,0,0.36,27.88,15.46,12.88,40.15,"4.01","143.56","-49.71","6"
"67",2004,25,0,0.14,27.66,17.4,13.49,54.19,"3.57","-47.68","143.56","1"
"68",2004,26,0,2.77,27.4,17.84,15.53,52.5,"4.1399999999999997","41.99","-47.68","2"
"69",2004,27,0,1.7,27.91,17.95,14.86,39.4,"4.6100000000000003","118.55","41.99","4"
"70",2004,28,0,0.36,27.6,16.92,15.24,48.3,"4.38","138.9","118.55","4"
"71",2004,29,0,0.79,27.9,19.01,15.46,48.16,"4.96","86.19","138.9","3"
"72",2004,30,0,0.25,27.89,18.45,17.4,58.02,"5.44","-73.849999999999994","86.19","4"
"73",2004,31,0,1.37,26.64,19.95,17.84,55.85,"4.4400000000000004","134.53","-73.849999999999994","2"
"74",2004,32,0,2.48,25.43,17.8,17.95,58.02,"3.8","-59.24","134.53","3"
"75",2004,33,0,1.1,25.19,20.11,16.92,46.85,"4.8600000000000003","-25.56","-59.24","3"
"76",2004,34,0,2.23,24.88,19.21,19.01,52.31,"4.59","-100.01","-25.56","3"
"77",2004,35,0,0.2,25.22,17.83,18.45,54.42,"3.65","-64.44","-100.01","2"
"78",2004,36,0,0,26.85,15.93,19.95,56.44,"5.21","-46.62","-64.44","1"
"79",2004,37,0,0.38,26.33,16.44,17.8,43.11,"6.67","0","-46.62","3"
"80",2004,38,0,1.98,25.84,14.31,20.11,52.06,"4.1100000000000003","-52.39","0","2"
"81",2004,39,0,0.03,26.21,14.5,19.21,42.01,"3.72","154.80000000000001","-52.39","2"
"82",2004,40,0,0.36,27.01,14.87,17.83,27.8,"3.86","131.84","154.80000000000001","1"
"83",2004,41,0,0,26.59,13.27,15.93,30.59,"4.51","129.29","131.84","1"
"84",2004,42,0,3.76,26.71,13.61,16.44,29.52,"4.5999999999999996","124.95","129.29","2"
"85",2004,43,0,0,27.62,12.07,14.31,22.93,"4.79","121.41","124.95","0"
"86",2004,44,0,2.88,26.6,11.1,14.5,24.4,"5.01","113.07","121.41","0"
"87",2004,45,0,3.88,26.31,10.41,14.87,30.82,"3.89","-52.48","113.07","0"
"88",2004,46,0,1.06,27.65,10.21,13.27,14,"5.21","128.12","-52.48","1"
"89",2004,47,0,4.89,26.17,9.77,13.61,16.07,"5.25","12.99","128.12","1"
"90",2004,48,0,10.25,25.98,9.2,12.07,13.66,"4.22","-34.72","12.99","3"
"91",2004,49,0,0.77,27.98,8.81,11.1,12.12,"5.41","89.11","-34.72","1"
"92",2004,50,0,0,25.35,8.35,10.41,8.1,"6.21","109.78","89.11","1"
"93",2004,51,0,4.57,27.15,8.46,10.21,6.29,"6.6","132.44","109.78","1"
"94",2004,52,0,1.37,27.86,8.32,9.77,6.83,"3.88","123.09","132.44","2"
"95",2004,53,0.67,6.5,27.58,8.03,9.2,4.11,"7.66","54.57","123.09","0"
"96",2005,1,0,6.54,27.33,6.72,8.81,2.62,"4.82","101.35","54.57","0"
"97",2005,2,0,9.62,27.5,6.99,8.35,4.23,"5.15","108.89","101.35","1"
"98",2005,3,0,3.2,27.31,6.41,8.46,2.83,"7.02","110.96","108.89","3"
"99",2005,4,0,8.03,28,7.7,8.32,4.92,"3.8","84.24","110.96","3"
"100",2005,5,0,3.67,27.69,8.25,8.03,3.81,"4.66","-36.18","84.24","8"
"101",2005,6,0,5.51,26.22,8.07,6.72,5.55,"3.84","NA","-36.18","3"
"102",2005,7,0,10.31,27.06,7.49,6.99,5.49,"NA","-47.51","NA","5"
"103",2005,8,0,4.89,26.93,7.01,6.41,8.06,"3.75","-43.28","-47.51","4"
"104",2005,9,0,3.92,28.37,7.58,7.7,2,"4.8899999999999997","119.2","-43.28","9"
"105",2005,10,0,4.03,27.56,7.91,8.25,4.17,"6.69","126.43","119.2","7"
"106",2005,11,0,0.04,27.8,9.14,8.07,6.91,"4.25","125.76","126.43","NA"
"107",2005,12,0,0.29,27.15,9.04,7.49,14.48,"6.57","91.32","125.76","13"
"108",2005,13,0,0.23,24.11,8.91,7.01,20.01,"4.24","-49.55","91.32","6"
"109",2005,14,0,22.03,24.74,8.97,7.58,21.6,"4.21","-56.01","-49.55","15"
"110",2005,15,0,2.61,23.73,9.2,7.91,15.48,"2.64","127.82","-56.01","13"
"111",2005,16,0,4.34,25.56,9,9.14,20.83,"5.07","-126.87","127.82","9"
"112",2005,17,0,1.8,26.28,11.13,9.04,26.96,"3.69","108.81","-126.87","8"
"113",2005,18,0,0.17,27.52,12.78,8.91,25.57,"4.42","128.56","108.81","7"
"114",2005,19,0,0.02,27.94,12.76,8.97,23.27,"5.75","129.5","128.56","12"
"115",2005,20,0,1.93,27.75,12.92,9.2,28.06,"7.15","124.48","129.5","14"
"116",2005,21,0,1.84,27.67,12.03,9,22.61,"6.82","124.92","124.48","5"
"117",2005,22,0,4.79,27.27,13.7,11.13,46.14,"8","-69.3","124.92","8"
"118",2005,23,0,5.72,26.66,15.58,12.78,45.93,"3.79","138.81","-69.3","6"
"119",2005,24,0,5.98,28.24,14.76,12.76,43.09,"3.37","-64.540000000000006","138.81","6"
"120",2005,25,0,4.43,28.47,15.25,12.92,37.49,"3.71","129.44","-64.540000000000006","3"
"121",2005,26,0,8.29,27.16,18.04,12.03,36.69,"4.5599999999999996","131.31","129.44","2"
"122",2005,27,0,0.51,28.01,16.87,13.7,54.27,"6.25","-116.57","131.31","2"
"123",2005,28,0,0.28,28.12,15.61,15.58,48.98,"4.91","100.89","-116.57","3"
"124",2005,29,0,1.15,28.44,16.44,14.76,34.09,"4.83","125.24","100.89","0"
"125",2005,30,0,1.88,26.08,18.94,15.25,39.7,"3.6","162.96","125.24","0"
"126",2005,31,0,7.01,25.26,18.23,18.04,55.89,"4.49","-49.23","162.96","0"
"127",2005,32,0,1.77,26.14,18.76,16.87,48.41,"3.85","125.17","-49.23","0"
"128",2005,33,0,1.45,22.21,18.88,15.61,31.64,"4.6100000000000003","128.88999999999999","125.17","1"
"129",2005,34,0,2.94,24.69,19.8,16.44,44.87,"5.54","-26.57","128.88999999999999","2"
"130",2005,35,0,2.94,25.65,18.48,18.94,58.7,"4.3499999999999996","-51.54","-26.57","1"
"131",2005,36,0,1.17,26.31,16.31,18.23,50.64,"5.09","-55.3","-51.54","0"
"132",2005,37,0,1.45,25.28,16.51,18.76,51.1,"4.8899999999999997","-58.92","-55.3","0"
"133",2005,38,0,3.09,24.87,16.41,18.88,52.55,"5.0199999999999996","-57.76","-58.92","1"
"134",2005,39,0,1.47,25.32,15.09,19.8,41.46,"3.81","-48.95","-57.76","0"
"135",2005,40,0,0,26.48,14.13,18.48,41.7,"3.33","-51.65","-48.95","0"
"136",2005,41,0,0.03,26.59,11.67,16.31,30.73,"4.29","97.77","-51.65","0"
"137",2005,42,0,0.2,26.99,11.29,16.51,38.44,"3.71","-45.57","97.77","1"
"138",2005,43,0,0,26.91,11.54,16.41,31.69,"4.12","-70.099999999999994","-45.57","0"
"139",2005,44,0,2.97,27.67,11.15,15.09,33.28,"2.75","-55.83","-70.099999999999994","0"
"140",2005,45,0,0.22,26.67,10.16,14.13,23.22,"4.9800000000000004","96.12","-55.83","0"
"141",2005,46,0,1.18,27.94,9.94,11.67,15.25,"4.45","118.1","96.12","1"
"142",2005,47,0,0.66,28.27,9.26,11.29,12.98,"4.9400000000000004","117.97","118.1","0"
"143",2005,48,0,0.81,28.08,8.81,11.54,7.91,"5.65","85","117.97","0"
"144",2005,49,0,0.17,29.2,8.13,11.15,10.88,"3.89","130.72","85","1"
"145",2005,50,0,2.69,29.8,7.71,10.16,5.87,"6.16","123.89","130.72","1"
"146",2005,51,0,2.75,27.68,7.6,9.94,6.79,"6.82","126.4","123.89","1"
"147",2005,52,0,7.3,28.86,8.22,9.26,7.22,"7.04","11.85","126.4","1"
"148",2006,1,0,4.45,28.35,9.14,8.81,5.83,"4.42","-64.72","11.85","0"
"149",2006,2,0,5.11,28.05,8.48,8.13,6.16,"4","62.55","-64.72","0"
"150",2006,3,0,10.18,26.95,8.41,7.71,3.34,"4.38","95.19","62.55","0"
"151",2006,4,0,5.19,26.86,7.96,7.6,6.62,"2.95","-27.54","95.19","2"
"152",2006,5,0,1.47,27.74,8.31,8.22,2.69,"2.75","119.08","-27.54","1"
"153",2006,6,0,1.5,27.68,8.14,9.14,3.39,"6.66","119.82","119.08","2"
"154",2006,7,0,1.04,27.6,7.73,8.48,3.26,"8.1","120.06","119.82","3"
"155",2006,8,0,0.35,27.52,7.35,8.41,3.89,"7.81","116.32","120.06","1"
"156",2006,9,0,0.16,27.7,6.72,7.96,5.86,"6.9","114.75","116.32","5"
"157",2006,10,0,17.35,27.09,7.22,8.31,5.81,"5.92","126.52","114.75","4"
"158",2006,11,0,9.84,26.79,7.68,8.14,4.84,"6.59","123.66","126.52","3"
"159",2006,12,0,11.1,26.18,7.96,7.73,12.88,"7.1","-42.4","123.66","4"
"160",2006,13,0,13.45,27.09,7.97,7.35,17.9,"3.62","-34.869999999999997","-42.4","4"
"161",2006,14,0,7.94,27.01,8.74,6.72,14.19,"5.19","-48.99","-34.869999999999997","5"
"162",2006,15,0,4.95,25.41,9.08,7.22,12.8,"3.74","95.1","-48.99","8"
"163",2006,16,0,16.67,26.96,9.52,7.68,17.47,"6.07","121.98","95.1","5"
"164",2006,17,0,0.31,27.19,8.94,7.96,21.29,"5.94","110.52","121.98","5"
"165",2006,18,0,0.56,27.31,10.23,7.97,22.16,"6.51","127.84","110.52","2"
"166",2006,19,0,0.93,27.73,10.23,8.74,24.74,"5.82","127.69","127.84","5"
"167",2006,20,0,4.8,27.61,12.03,9.08,28.42,"4.32","-92.6","127.69","7"
"168",2006,21,0,5.81,27.79,13.62,9.52,25.71,"4.04","123.51","-92.6","3"
"169",2006,22,0,2.04,28.07,12.8,8.94,31.08,"5.14","132.38999999999999","123.51","10"
"170",2006,23,0,5.74,27.87,12.88,10.23,36.09,"6.5","-50.48","132.38999999999999","7"
"171",2006,24,0,2.89,27.78,16.12,10.23,49.03,"4.26","-51.39","-50.48","8"
"172",2006,25,0,0.78,27.45,15.61,12.03,49.6,"4.71","-56.39","-51.39","11"
"173",2006,26,0,4.11,27.26,17.41,13.62,53.24,"4.58","-62.22","-56.39","6"
"174",2006,27,0,2.37,27.36,18.12,12.8,37.46,"3.8","134.69","-62.22","15"
"175",2006,28,0,0.71,28.24,17.14,12.88,42.3,"5.09","135","134.69","15"
"176",2006,29,0,0.51,27.44,16.31,16.12,50.89,"4.5999999999999996","-1.47","135","9"
"177",2006,30,0,0.21,28.04,18.76,15.61,44.4,"3.54","129.97999999999999","-1.47","11"
"178",2006,31,0,0,27.18,19.85,17.41,58.14,"4.5599999999999996","-56.23","129.97999999999999","5"
"179",2006,32,0,5.65,25.22,17.91,18.12,62.4,"3.62","-53.27","-56.23","13"
"180",2006,33,0,1.67,25.46,18.02,17.14,49.91,"5.37","128.41999999999999","-53.27","3"
"181",2006,34,0,2.4,23.37,18.52,16.31,43.14,"4.22","140.75","128.41999999999999","5"
"182",2006,35,0,0.72,23.88,18.02,18.76,54.78,"5.51","-68.77","140.75","4"
"183",2006,36,0,0.05,26.91,17.37,19.85,54.22,"3.35","-40.51","-68.77","3"
"184",2006,37,0,0,25.51,17.99,17.91,51.58,"5.89","-47.68","-40.51","6"
"185",2006,38,0,0.12,24.5,15.95,18.02,45.03,"4.04","-46.85","-47.68","3"
"186",2006,39,0,1.73,26.4,13.88,18.52,50.29,"3.82","-48.54","-46.85","0"
"187",2006,40,0,0,27.01,14.32,18.02,46,"5.12","-62.78","-48.54","4"
"188",2006,41,0,0.19,27.27,14.25,17.37,41.36,"3.85","-58.1","-62.78","3"
"189",2006,42,0,0.2,27.32,12.98,17.99,39,"4.0599999999999996","-61.43","-58.1","2"
"190",2006,43,0,0.59,27.8,11.82,15.95,31.68,"3.56","-56.31","-61.43","5"
"191",2006,44,0,0,28.03,10.91,13.88,24.38,"4.2","113.95","-56.31","2"
"192",2006,45,0,0,28.12,10.28,14.32,30.39,"6.46","-59.82","113.95","5"
"193",2006,46,0,0.64,28.16,10.14,14.25,25.75,"3.12","-55.59","-59.82","2"
"194",2006,47,0,1.18,28.46,8.93,12.98,23.25,"5.07","-54.54","-55.59","2"
"195",2006,48,0,0.44,28.65,8.59,11.82,15.47,"2.92","57.77","-54.54","6"
"196",2006,49,0,4.66,28.17,6.88,10.91,9.55,"4.4400000000000004","95.13","57.77","3"
"197",2006,50,0,0,28.55,7.87,10.28,11.17,"5.47","-6.63","95.13","1"
"198",2006,51,0,0.95,28.79,8.18,10.14,7.89,"4.92","130.44999999999999","-6.63","4"
"199",2006,52,0,1.05,28.89,7.77,8.93,3.83,"5.29","126.21","130.44999999999999","3"
"200",2007,1,0,3.05,28.4,7.57,8.59,4.21,"8.74","133.55000000000001","126.21","2"
"201",2007,2,0,2.26,27.5,7.61,6.88,4.82,"6.88","43.33","133.55000000000001","5"
"202",2007,3,0,10.12,27.98,6.53,7.87,2.86,"5.58","114.64","43.33","2"
"203",2007,4,0,10.48,27.47,6.67,8.18,3.46,"3.85","118.46","114.64","6"
"204",2007,5,0.43,16.47,27.72,7.03,7.77,2.67,"7.85","118.86","118.46","5"
"205",2007,6,1,10.01,28.11,6.33,7.57,3.97,"7.98","113.66","118.86","4"
"206",2007,7,1,0.26,27.79,7.1,7.61,4.61,"7.25","114.93","113.66","6"
"207",2007,8,1,3.09,27.73,7.69,6.53,5.32,"6.88","72.72","114.93","8"
"208",2007,9,0.57,15.7,28.01,7.62,6.67,4.28,"6.86","111.57","72.72","7"
"209",2007,10,0,8.9,27.39,7.55,7.03,6.45,"5.42","103.58","111.57","15"
"210",2007,11,0,5.5,26.01,7.7,6.33,9.23,"6.27","-49.67","103.58","10"
"211",2007,12,0,12.96,27.26,7.84,7.1,5.91,"2.64","100.67","-49.67","21"
"212",2007,13,0,4.55,27.22,8.18,7.69,8.78,"3.11","111.3","100.67","7"
"213",2007,14,1,4.67,26.42,8.27,7.62,10.61,"5.72","126.19","111.3","8"
"214",2007,15,1,3.76,27.18,8.82,7.55,13.06,"6.51","97.46","126.19","12"
"215",2007,16,1,1.12,27.47,8.79,7.7,11.12,"6.27","122.89","97.46","9"
"216",2007,17,1,4.45,28.02,9.15,7.84,15.45,"6.73","116.57","122.89","9"
"217",2007,18,0.29,4.45,27.35,9.87,8.18,16.35,"6.45","109.76","116.57","18"
"218",2007,19,0,3.83,27.45,10.94,8.27,27.3,"7.44","-23.96","109.76","11"
"219",2007,20,0,2.56,27.6,11.26,8.82,24.82,"5.92","-49.9","-23.96","8"
"220",2007,21,0,7.64,27.58,12.91,8.79,23.88,"3.36","115.67","-49.9","14"
"221",2007,22,0,5.92,26.51,12.85,9.15,35.01,"5.7","101.58","115.67","1"
"222",2007,23,0,4.19,27.14,16.12,9.87,32.28,"4","117.31","101.58","6"
"223",2007,24,0,0.13,27.41,15.61,10.94,40.73,"5.87","120.2","117.31","9"
"224",2007,25,0,0.87,27.63,14.18,11.26,43.75,"4.99","-32.56","120.2","4"
"225",2007,26,0,5.62,27.13,14.35,12.91,44.97,"5.78","139.43","-32.56","6"
"226",2007,27,0,2.72,26.92,15.68,12.85,45.13,"3.84","140.77000000000001","139.43","11"
"227",2007,28,0,2.86,27.08,16.94,16.12,58.49,"3.54","-54.68","140.77000000000001","2"
"228",2007,29,0,1.71,26.81,18.77,15.61,38.07,"3.14","138.6","-54.68","4"
"229",2007,30,0,0.32,26.58,16.52,14.18,46.04,"4.47","124.71","138.6","3"
"230",2007,31,0,1.56,24.71,16.03,14.35,47.71,"4.8499999999999996","134.09","124.71","6"
"231",2007,32,0,0.7,25.19,18.08,15.68,40.17,"5.42","128.78","134.09","2"
"232",2007,33,0,0,24.15,18.07,16.94,51.9,"3.97","-53.62","128.78","5"
"233",2007,34,0,3.69,24.37,17.23,18.77,52.88,"4.21","-65.06","-53.62","3"
"234",2007,35,0,1.94,23.83,17.58,16.52,30.97,"4.82","129.02000000000001","-65.06","1"
"235",2007,36,0,1.32,21.56,18.05,16.03,45.99,"4.72","127.87","129.02000000000001","2"
"236",2007,37,0,2.37,23.66,17.82,18.08,52.2,"5.07","-53.04","127.87","1"
"237",2007,38,0,0.38,25.43,17.08,18.07,41.47,"4.47","-74.05","-53.04","0"
"238",2007,39,0,0.15,24.58,14.76,17.23,38.63,"4.22","-90","-74.05","2"
"239",2007,40,0,5.05,22.49,13.69,17.58,39.82,"3.8","-27.47","-90","2"
"240",2007,41,0,0.56,23.97,11.75,18.05,36.81,"3.66","-55.41","-27.47","1"
"241",2007,42,0,0,25.58,11.44,17.82,31.71,"3.54","-50.33","-55.41","0"
"242",2007,43,0,1.02,25.19,10.67,17.08,38.81,"4.8600000000000003","-60.73","-50.33","1"
"243",2007,44,0,1.9,25.48,10.73,14.76,26.3,"3.61","-53","-60.73","0"
"244",2007,45,0,0.83,25.8,9.91,13.69,22.08,"4.71","114.64","-53","1"
"245",2007,46,0,0.77,26.47,10.15,11.75,15.16,"5.59","108","114.64","1"
"246",2007,47,0,2.66,27.19,9.77,11.44,18.62,"5.73","118.64","108","0"
"247",2007,48,0,0.12,27.16,8.74,10.67,9.3,"4.97","118.92","118.64","1"
"248",2007,49,0,1.58,27.23,8.42,10.73,13.46,"6.32","96.5","118.92","0"
"249",2007,50,0,7,27.02,8.24,9.91,9.29,"6.35","99.27","96.5","0"
"250",2007,51,0,8.75,27.43,7.27,10.15,8.67,"5.0999999999999996","119.72","99.27","1"
"251",2007,52,0,5.19,27.44,7.82,9.77,6.4,"5.16","122.45","119.72","2"
"252",2008,1,0,7.86,26.87,7.67,8.74,9.38,"7.49","-15.64","122.45","2"
"253",2008,2,0,1.74,27.54,7.86,8.42,5.69,"3.29","28.89","-15.64","0"
"254",2008,3,0,1.17,27.1,7.64,8.24,6.42,"4.92","74.45","28.89","3"
"255",2008,4,0,6.44,26.75,7.43,7.27,3.09,"5.86","107.63","74.45","1"
"256",2008,5,0,11.95,27.09,6.66,7.82,3.78,"5.19","115.72","107.63","1"
"257",2008,6,0,1.02,26.61,6.92,7.67,3.35,"8.5500000000000007","100.49","115.72","3"
"258",2008,7,0,4.18,26.95,7.03,7.86,1.83,"6.57","120.47","100.49","2"
"259",2008,8,0,9.29,27.57,7.23,7.64,3.8,"10.36","113.62","120.47","4"
"260",2008,9,0,3.94,27.89,7.48,7.43,4.11,"8.1300000000000008","92.05","113.62","10"
"261",2008,10,0,8.92,27.85,7.7,6.66,9.95,"5.84","-10.54","92.05","13"
"262",2008,11,0,4.85,28.34,8.15,6.92,9.41,"3.94","102.26","-10.54","6"
"263",2008,12,0,12.62,28.37,8.17,7.03,7.42,"4.9800000000000004","89.06","102.26","11"
"264",2008,13,0,8.84,27.91,8.09,7.23,10.51,"5.98","93.81","89.06","6"
"265",2008,14,0,4.14,28.58,8.28,7.48,16.86,"5.43","50.19","93.81","9"
"266",2008,15,0,0.14,28.5,8.46,7.7,16.62,"3.01","124.1","50.19","13"
"267",2008,16,0,1.42,28.79,8.63,8.15,18.34,"4.16","81.66","124.1","12"
"268",2008,17,0,4.8,28.59,9.41,8.17,18.23,"4.43","121.91","81.66","15"
"269",2008,18,0,1.92,28.13,8.93,8.09,20.05,"4.7300000000000004","119","121.91","11"
"270",2008,19,0,0.31,28.48,9.71,8.28,21.8,"6.25","133.56","119","12"
"271",2008,20,0,1.08,27.76,11.22,8.46,32.62,"6.03","-62.76","133.56","9"
"272",2008,21,0,1.76,28.03,12.43,8.63,30.94,"4.25","115.89","-62.76","7"
"273",2008,22,0,3.87,28.7,12.83,9.41,36.57,"4.8","-52.02","115.89","5"
"274",2008,23,0,2.47,27.87,14.66,8.93,43.32,"4.97","-135","-52.02","5"
"275",2008,24,0,2.81,28.06,14.96,9.71,34.06,"3.66","127.02","-135","6"
"276",2008,25,0,1.61,28.02,15.2,11.22,47.42,"4.7","-33.950000000000003","127.02","10"
"277",2008,26,0,1.92,28.01,16.51,12.43,40.56,"4.58","114.57","-33.950000000000003","6"
"278",2008,27,0,0.57,28.43,16.77,12.83,45.96,"4.0999999999999996","-53.62","114.57","9"
"279",2008,28,0,0.84,28.48,17.44,14.66,45.94,"5.63","140.86000000000001","-53.62","6"
"280",2008,29,0,2.44,28.83,17.06,14.96,42.08,"3.33","130.80000000000001","140.86000000000001","1"
"281",2008,30,0,0.19,29.31,18.76,15.2,44.25,"5.2","45","130.80000000000001","3"
"282",2008,31,0,1.92,28.84,17.84,16.51,47.27,"5.32","99.46","45","1"
"283",2008,32,0,0.43,26.21,16.26,16.77,55.9,"4.07","122.12","99.46","1"
"284",2008,33,0,1.17,25.09,17.39,17.44,50.56,"4.12","140.69","122.12","1"
"285",2008,34,0,3.04,24.1,17.94,17.06,58.52,"4.6900000000000004","-58.53","140.69","1"
"286",2008,35,0,3.2,25.54,15.96,18.76,56.46,"4.4800000000000004","-52.67","-58.53","3"
"287",2008,36,0,0.35,24.23,14.36,17.84,52.75,"4.1100000000000003","147.36000000000001","-52.67","2"
"288",2008,37,0,0.09,20.84,15.96,16.26,35.18,"4.1399999999999997","130.07","147.36000000000001","0"
"289",2008,38,0,0.32,23.22,16.68,17.39,50.24,"5.14","-127.38","130.07","3"
"290",2008,39,0,0,25.5,15.44,17.94,42.97,"5.43","-74.31","-127.38","0"
"291",2008,40,0,0,25.91,14.37,15.96,31.74,"4.0999999999999996","126.59","-74.31","0"
"292",2008,41,0,0.56,23.72,12.91,14.36,29.86,"5.31","106.41","126.59","1"
"293",2008,42,0,2.97,26.3,11.54,15.96,40.41,"5.93","-67.17","106.41","3"
"294",2008,43,0,0.24,27.67,11.15,16.68,39.64,"3.98","-54.08","-67.17","0"
"295",2008,44,0,0.07,27.13,10.68,15.44,29.8,"5.54","-73.25","-54.08","1"
"296",2008,45,0,3.69,25.47,10.56,14.37,22.18,"3.32","109.63","-73.25","0"
"297",2008,46,0,2.96,27.05,10.19,12.91,19.87,"5.08","116.04","109.63","0"
"298",2008,47,0,0.06,27.28,9.95,11.54,16.26,"3.93","-52.7","116.04","1"
"299",2008,48,0,0,27.74,9.42,11.15,12.78,"5.09","84.75","-52.7","2"
"300",2008,49,0,0.24,27.42,9.2,10.68,13.74,"5.73","73.61","84.75","0"
"301",2008,50,0,3.08,28.02,8.93,10.56,9.31,"4.87","123.3","73.61","0"
"302",2008,51,0,6.47,27.81,8.73,10.19,7.17,"4.63","115.42","123.3","0"
"303",2008,52,0,1.51,27.64,6.99,9.95,6.68,"6.73","114.59","115.42","1"
"304",2008,53,0,4.55,28.7,7.13,9.42,6.56,"6.26","121.84","114.59","0"
"305",2009,1,0,1.16,28.81,7.62,9.2,5.48,"4.74","114.32","121.84","1"
"306",2009,2,0,4.45,27.08,7.53,8.93,3.84,"5.01","102.99","114.32","1"
"307",2009,3,0,11.11,28.07,7.38,8.73,4.14,"3.18","33.86","102.99","3"
"308",2009,4,0,3.15,28.43,6.2,6.99,5.91,"5.83","-16.989999999999998","33.86","2"
"309",2009,5,0,2.6,26.53,6.89,7.13,3.24,"5.46","102.67","-16.989999999999998","3"
"310",2009,6,0,2.63,27.36,7.05,7.62,3.65,"6.83","131.96","102.67","5"
"311",2009,7,0,1.39,27.09,7.05,7.53,2.4,"7.35","106.38","131.96","3"
"312",2009,8,0,5.08,27.99,7.43,7.38,4.77,"8.01","-36.68","106.38","1"
"313",2009,9,0,0,28.17,7.14,6.2,8.15,"2.61","-45.68","-36.68","5"
"314",2009,10,0,1.05,28.07,7.22,6.89,9.43,"2.13","102.24","-45.68","2"
"315",2009,11,0,6.3,27.69,7.13,7.05,8.8,"5.1100000000000003","103.17","102.24","10"
"316",2009,12,0,8.04,27.01,7.64,7.05,13.07,"4.76","41.99","103.17","14"
"317",2009,13,0,0.53,27.87,7.75,7.43,19.44,"4.6900000000000004","-54.8","41.99","4"
"318",2009,14,0,0.02,28.07,7.81,7.14,12.83,"3.28","112.48","-54.8","8"
"319",2009,15,0,0.67,28.01,9.15,7.22,18.21,"4.34","105.95","112.48","10"
"320",2009,16,0,1.37,28.55,8.99,7.13,25.15,"5.24","51.07","105.95","15"
"321",2009,17,0,1.33,28.21,9.93,7.64,18.43,"4.91","136.1","51.07","15"
"322",2009,18,0,0.88,27.23,10.67,7.75,23.72,"8.7200000000000006","41.88","136.1","12"
"323",2009,19,0,3.57,28.42,10.26,7.81,30,"5.36","-31.98","41.88","12"
"324",2009,20,0,4.08,28.24,11.34,9.15,34.92,"7.29","126.74","-31.98","10"
"325",2009,21,0,0.6,28.27,13.68,8.99,37.79,"4","146.6","126.74","6"
"326",2009,22,0,5.97,28.53,14.74,9.93,38.12,"5.81","-41.1","146.6","5"
"327",2009,23,0,1.18,28.65,17.57,10.67,45.93,"5.12","-55.28","-41.1","8"
"328",2009,24,0,3.13,28.22,16.22,10.26,36.63,"3.39","133.61000000000001","-55.28","3"
"329",2009,25,0,0.7,28.64,16.99,11.34,41.58,"5.41","128.54","133.61000000000001","5"
"330",2009,26,0,1.48,28.69,16.3,13.68,49.45,"4.2699999999999996","-60.7","128.54","7"
"331",2009,27,0,0.08,28.4,16.86,14.74,53.34,"4.32","-41.84","-60.7","2"
"332",2009,28,0,0.79,27.31,16.16,17.57,59.87,"4.25","-71.19","-41.84","3"
"333",2009,29,0,4.87,26.06,17.67,16.22,60.86,"4.07","117.98","-71.19","2"
"334",2009,30,0,3.22,27.64,19.39,16.99,48.15,"3.26","143.37","117.98","2"
"335",2009,31,0,0.99,26.29,21.76,16.3,43.56,"4.7300000000000004","125.13","143.37","1"
"336",2009,32,0,0.25,27.67,19.8,16.86,61.89,"5.94","-50.61","125.13","3"
"337",2009,33,0,0,25.17,15.2,16.16,43.36,"6.47","126.73","-50.61","2"
"338",2009,34,0,0,24.69,18.21,17.67,55.87,"4.2699999999999996","131.93","126.73","2"
"339",2009,35,0,0.67,25.4,16.76,19.39,58.1,"3.4","-54.6","131.93","1"
"340",2009,36,0,2.58,26.38,17.99,21.76,56.49,"6","NA","-54.6","1"
"341",2009,37,0,0,25.86,14.16,19.8,47.91,"NA","139.11000000000001","NA","2"
"342",2009,38,0,4.28,26.08,15.24,15.2,38.18,"5.27","144.22999999999999","139.11000000000001","4"
"343",2009,39,0,0,26.84,15.29,18.21,45.27,"4.8499999999999996","-39.81","144.22999999999999","1"
"344",2009,40,0,0.17,26.86,13.92,16.76,39.13,"5.13","102.09","-39.81","1"
"345",2009,41,0,0,27.26,12.75,17.99,36.34,"3.34","131.41","102.09","0"
"346",2009,42,0,0.03,26.4,11.53,14.16,29.74,"5.05","141.13","131.41","2"
"347",2009,43,0,2,26.69,11.22,15.24,24.94,"4.3","129.56","141.13","1"
"348",2009,44,0,0.04,26.69,10.47,15.29,34.03,"4.95","-51.98","129.56","1"
"349",2009,45,0,0.38,27.16,9.96,13.92,23.73,"4.16","-26.19","-51.98","1"
"350",2009,46,0,1.45,26.95,9.41,12.75,25.31,"5.49","-49.33","-26.19","0"
"351",2009,47,0,5.25,26.97,8.98,11.53,12.22,"3.78","121.09","-49.33","0"
"352",2009,48,0,1.63,27.29,8.92,11.22,12.47,"4.7699999999999996","101.89","121.09","1"
"353",2009,49,0,0,27.68,8.44,10.47,8.74,"5.12","102.45","101.89","0"
"354",2009,50,0,2.11,28.08,7.07,9.96,8.59,"6.98","141.30000000000001","102.45","0"
"355",2009,51,0,0.01,27.84,7.66,9.41,7.44,"5.51","133.35","141.30000000000001","1"
"356",2009,52,0,10.14,27.78,6.79,8.98,2.4,"7.37","136.66","133.35","0"
"357",2009,53,0,3.58,27.59,6.94,8.92,4.24,"9.7799999999999994","111.47","136.66","0"
"358",2010,1,0,8.61,27.03,7.56,8.44,8.34,"7.29","-29.14","111.47","0"
"359",2010,2,0,7.31,26.71,7.68,7.07,5.38,"5.64","62.49","-29.14","0"
"360",2010,3,0,7.63,26.6,8.63,7.66,2.72,"3.17","115.39","62.49","0"
"361",2010,4,0,29.53,26.24,8.16,6.79,5.02,"6.08","-32.229999999999997","115.39","0"
"362",2010,5,0,7.29,26.67,7.95,6.94,3.21,"3.65","96.55","-32.229999999999997","0"
"363",2010,6,0,0.74,26.91,8.16,7.56,5.88,"3.73","39.61","96.55","2"
"364",2010,7,0,0.04,25.13,8.21,7.68,3.22,"6.93","128.06","39.61","1"
"365",2010,8,0,7.63,26.88,8.07,8.63,3.96,"4.28","122.43","128.06","0"
"366",2010,9,0,3.16,28.72,8.07,8.16,6.94,"7.58","123.03","122.43","0"
"367",2010,10,0,3.95,25.67,8.48,7.95,4.13,"5.54","123.09","123.03","4"
"368",2010,11,0,1,24.3,8.27,8.16,7.5,"4.66","114.75","123.09","NA"
"369",2010,12,0,6.81,25.16,8.35,8.21,8.02,"4.1100000000000003","125.51","114.75","6"
"370",2010,13,0,19.52,25.59,8.89,8.07,18.27,"5.8","-26.57","125.51","4"
"371",2010,14,0,3.11,26,8.74,8.07,12.56,"3.71","115.92","-26.57","4"
"372",2010,15,0,5.04,26.58,8.72,8.48,19.66,"4.42","126.61","115.92","4"
"373",2010,16,0,2.99,25.93,10.04,8.27,17.75,"3.87","145.38999999999999","126.61","8"
"374",2010,17,0,7.4,26.45,10.28,8.35,19.43,"8.0399999999999991","146.09","145.38999999999999","7"
"375",2010,18,0,1.8,26.63,10.43,8.89,22.93,"5.91","130.19","146.09","5"
"376",2010,19,0,5.94,26.88,10.86,8.74,19.58,"4.03","139.68","130.19","4"
"377",2010,20,0,0.44,27.07,13.24,8.72,28.85,"7.83","115.08","139.68","4"
"378",2010,21,0,5.04,26.74,12.18,10.04,36.68,"6.84","-54.73","115.08","7"
"379",2010,22,0,3.01,27.42,12.39,10.28,33.92,"3.99","45","-54.73","1"
"380",2010,23,0,1.68,26.9,12.28,10.43,36.88,"5.45","115.8","45","7"
"381",2010,24,0,9.98,26.91,15.3,10.86,45.39,"4.92","-42.63","115.8","5"
"382",2010,25,0,4.19,26.91,15.24,13.24,51.68,"4.95","2.4900000000000002","-42.63","2"
"383",2010,26,0,0.82,27.19,15.67,12.18,38.01,"3.6","136.05000000000001","2.4900000000000002","5"
"384",2010,27,0,2.5,26.6,14.77,12.39,29.6,"5.2","117.55","136.05000000000001","6"
"385",2010,28,0,2.41,27.05,18.65,12.28,40.97,"4.62","124.11","117.55","1"
"386",2010,29,0,1.75,27.07,18.23,15.3,44.02,"4.9800000000000004","-59.53","124.11","6"
"387",2010,30,0,0,26.04,19.13,15.24,58.1,"3","-38.479999999999997","-59.53","4"
"388",2010,31,0,2.49,25.94,18.81,15.67,51.03,"5.09","127.71","-38.479999999999997","7"
"389",2010,32,0,4.93,24.07,19.5,14.77,48.63,"4.09","116.57","127.71","3"
"390",2010,33,0,4.36,24.67,18.4,18.65,55.57,"4.38","-46.5","116.57","0"
"391",2010,34,0,1.87,25.99,19.61,18.23,59.72,"5.34","-33.5","-46.5","0"
"392",2010,35,0,0.68,25.43,18.37,19.13,58.85,"5.22","-36.78","-33.5","0"
"393",2010,36,0,0.09,24.53,16.5,18.81,56.98,"5.5","-45.23","-36.78","1"
"394",2010,37,0,0.56,25.19,15.2,19.5,48.15,"5.28","108.21","-45.23","0"
"395",2010,38,0,0.01,25.14,14.42,18.4,50.37,"3.94","-44.83","108.21","1"
"396",2010,39,0,0,26.53,14.16,19.61,47.35,"4.1900000000000004","-16.28","-44.83","0"
"397",2010,40,0,0,26.69,13.34,18.37,43.56,"3.69","-50.59","-16.28","1"
"398",2010,41,0,0,25.02,13.69,16.5,36.97,"4.28","-41.19","-50.59","0"
"399",2010,42,0,2.09,26.4,11.73,15.2,27.3,"4.62","103.87","-41.19","3"
"400",2010,43,0,0.1,26.46,11.93,14.42,24.53,"4.41","121.37","103.87","0"
"401",2010,44,0,0.17,26.72,10.74,14.16,21.73,"2.5299999999999998","120.74","121.37","1"
"402",2010,45,0,0.26,26.76,10.69,13.34,26.73,"6.03","153.97","120.74","1"
"403",2010,46,0,1.59,26.15,10.19,13.69,17.89,"4.57","104.04","153.97","0"
"404",2010,47,0,3.21,26.6,9.52,11.73,18.09,"5.46","110.34","104.04","0"
"405",2010,48,0,4.65,27.05,8.2,11.93,15.01,"4.8600000000000003","129.34","110.34","0"
"406",2010,49,0,5.32,26.84,8.67,10.74,7.97,"4.08","126.2","129.34","0"
"407",2010,50,0,0.21,27.05,8.21,10.69,9.4,"7.53","133.65","126.2","3"
"408",2010,51,0,4.97,26.53,8.33,10.19,7.76,"4.95","102.82","133.65","1"
"409",2010,52,0,0.4,27.68,8.34,9.52,5.89,"5.01","78.69","102.82","0"
"410",2011,1,0,4.46,26.68,7.95,8.2,5.16,"5.51","93.31","78.69","1"
"411",2011,2,0,4.04,26.8,7.1,8.67,4.8,"6.55","101.54","93.31","0"
"412",2011,3,0,7.47,26.76,6.88,8.21,3.64,"6.33","122.54","101.54","4"
"413",2011,4,0,4.75,26.99,7.3,8.33,4.05,"5.71","123.72","122.54","4"
"414",2011,5,0,3.59,26.87,7.76,8.34,2.28,"6.83","115.36","123.72","2"
"415",2011,6,0,2.81,25.85,7.33,7.95,5.61,"9.32","128.46","115.36","9"
"416",2011,7,0,6.65,26.04,7.52,7.1,5.08,"6.55","90","128.46","5"
"417",2011,8,0,14.89,25.78,7.56,6.88,4.86,"5.28","114.67","90","6"
"418",2011,9,0,4.35,25.89,6.93,7.3,6.37,"5.94","78.25","114.67","10"
"419",2011,10,0,17.34,26.9,7.35,7.76,4.49,"5.55","108.86","78.25","9"
"420",2011,11,0,4.24,27.09,7.45,7.33,9.49,"4.47","107.42","108.86","13"
"421",2011,12,0,6.76,26.37,7.79,7.52,8.61,"4.03","86.46","107.42","14"
"422",2011,13,0,5.6,26.52,7.74,7.56,9.38,"5.69","130.09","86.46","16"
"423",2011,14,0,3.5,26.55,8.53,6.93,15.92,"7.35","-28.67","130.09","12"
"424",2011,15,0,2.65,26.81,8.13,7.35,12.72,"4.96","131.56","-28.67","11"
"425",2011,16,0,2.38,26.6,8.42,7.45,18.08,"8.0500000000000007","120.73","131.56","3"
"426",2011,17,0,7.07,27.01,8.84,7.79,14.6,"6.93","129.28","120.73","5"
"427",2011,18,0,6.89,27.48,9.51,7.74,24.97,"8.02","96.77","129.28","5"
"428",2011,19,0,0.33,26.95,10.38,8.53,25.61,"3.79","125.42","96.77","3"
"429",2011,20,0,6.77,25.87,10.59,8.13,26.14,"5.71","131.99","125.42","5"
"430",2011,21,0,9.38,27.09,12.37,8.42,27.63,"6.07","136.51","131.99","5"
"431",2011,22,0,11.25,27.7,13.45,8.84,45.07,"7.09","-53.8","136.51","5"
"432",2011,23,0,0.9,27.29,13.53,9.51,35.04,"4.4400000000000004","140.19","-53.8","5"
"433",2011,24,0,3.2,27.82,14.77,10.38,36.35,"4.83","123.56","140.19","0"
"434",2011,25,0,1.02,26.97,13.81,10.59,33.91,"4.66","128.61000000000001","123.56","4"
"435",2011,26,0,2.76,27.48,15.28,12.37,41.15,"5.44","-55.12","128.61000000000001","2"
"436",2011,27,0,0.78,27.83,16.3,13.45,42.83,"3.97","131.44999999999999","-55.12","3"
"437",2011,28,0,2.89,27.3,17.2,13.53,44.79,"3.79","116.57","131.44999999999999","5"
"438",2011,29,0,2.65,26.01,16.57,14.77,52.87,"3.76","-49.11","116.57","3"
"439",2011,30,0,3.72,24.73,16.23,13.81,50.63,"4.96","122.13","-49.11","4"
"440",2011,31,0,1.33,25.56,18.52,15.28,48.36,"5.23","117.65","122.13","4"
"441",2011,32,0,2.05,24.05,18.66,16.3,39.91,"3.97","122.74","117.65","2"
"442",2011,33,0,1.05,24.54,18.68,17.2,55.46,"3.88","-43.66","122.74","0"
"443",2011,34,0,0.17,22.2,18.31,16.57,32.19,"3.86","124.09","-43.66","0"
"444",2011,35,0,1.09,20.14,17.74,16.23,46.79,"3.86","119.74","124.09","1"
"445",2011,36,0,0.76,19.59,17.47,18.52,47.06,"3.93","-17.53","119.74","1"
"446",2011,37,0,0.44,23.77,17.99,18.66,53,"3.8","-49.36","-17.53","1"
"447",2011,38,0,0.14,20.13,17.16,18.68,49.65,"4.07","86.91","-49.36","0"
"448",2011,39,0,5.46,20.63,13.23,18.31,47.75,"3.95","-42.43","86.91","0"
"449",2011,40,0,0.37,19.82,12.14,17.74,37.93,"3.3","128.76","-42.43","0"
"450",2011,41,0,0.19,21.84,12.58,17.47,39.34,"4.58","-53.17","128.76","3"
"451",2011,42,0,0.03,21.69,11.35,17.99,41.7,"4.6500000000000004","-50.68","-53.17","2"
"452",2011,43,0,0.09,22.95,11.68,17.16,26.66,"3.6","106.59","-50.68","0"
"453",2011,44,0,0.02,23.78,10.76,13.23,19.71,"3.98","123.16","106.59","1"
"454",2011,45,0,0.88,24.28,10.14,12.14,20.56,"6.06","136.08000000000001","123.16","1"
"455",2011,46,0,0.01,24.89,9.94,12.58,15.42,"5.69","117.92","136.08000000000001","0"
"456",2011,47,0,0,25.89,8.91,11.35,18.91,"5.19","120.2","117.92","0"
"457",2011,48,0,1.61,26.94,8.76,11.68,16.53,"5.1100000000000003","86.31","120.2","0"
"458",2011,49,0,5.65,26.5,8.48,10.76,13.62,"4.16","104.18","86.31","1"
"459",2011,50,0,4.37,26.67,7.62,10.14,10.76,"4.32","108.72","104.18","0"
"460",2011,51,0,3.58,26.88,7.33,9.94,6.09,"5.88","106.12","108.72","0"
"461",2011,52,0,3.05,26.87,7.83,8.91,8.18,"6.28","-6.34","106.12","0"
"462",2012,1,0,2.19,28.06,8.17,8.76,5.22,"5.79","122.92","-6.34","0"
"463",2012,2,0,2.31,27.97,7.66,8.48,6.53,"8.81","64.040000000000006","122.92","0"
"464",2012,3,0,1.26,27.68,7.39,7.62,5.9,"5.62","-36.4","64.040000000000006","0"
"465",2012,4,0,3.59,27.22,6.2,7.33,4.03,"2.95","94.4","-36.4","2"
"466",2012,5,0,2.92,26.13,7.32,7.83,5.25,"4.76","107.75","94.4","1"
"467",2012,6,0,18.51,27.1,7.29,8.17,3.75,"5.96","114.79","107.75","2"
"468",2012,7,0,2.47,27.04,7.18,7.66,3.15,"6.86","119.84","114.79","1"
"469",2012,8,0,0.17,27.21,7.44,7.39,6.45,"6.78","47.43","119.84","1"
"470",2012,9,0,2.3,27.79,7.1,6.2,6.09,"5.84","-15.1","47.43","5"
"471",2012,10,0,2.2,26.51,6.93,7.32,6.05,"5.3","125.29","-15.1","1"
"472",2012,11,0,8.25,27.23,7.1,7.29,8.1,"8.1999999999999993","111.32","125.29","5"
"473",2012,12,0,10.19,27.32,7.32,7.18,8.3,"5.62","116.36","111.32","5"
"474",2012,13,0,0.94,27.25,7.19,7.44,10.89,"3.46","116.29","116.36","13"
"475",2012,14,0,4.12,27.27,7.3,7.1,10.98,"6.21","61.97","116.29","9"
"476",2012,15,0,8.66,26.9,7.8,6.93,15.91,"6.72","93.96","61.97","11"
"477",2012,16,0,1.5,27.39,9.15,7.1,17.49,"7.01","97.8","93.96","12"
"478",2012,17,0,7.17,26.95,9,7.32,19.77,"6.24","133.91","97.8","4"
"479",2012,18,0,4.43,27.68,9.5,7.19,27.71,"9.4","129.71","133.91","10"
"480",2012,19,0,5.17,27.73,10.07,7.3,18.65,"5.6","123.42","129.71","5"
"481",2012,20,0,2.59,28.03,10.95,7.8,34.44,"6.22","124.07","123.42","5"
"482",2012,21,0,4.13,27.7,13.39,9.15,31.87,"4.67","-62.15","124.07","2"
"483",2012,22,0,8.21,27.19,11.55,9,30.77,"3.81","119.67","-62.15","8"
"484",2012,23,0,2.5,26.91,12.96,9.5,25.24,"5.36","119.48","119.67","6"
"485",2012,24,0,5.71,26.65,12.23,10.07,40.69,"4.96","133.26","119.48","4"
"486",2012,25,0,3.46,27.58,13.51,10.95,50.23,"3.64","-52.67","133.26","4"
"487",2012,26,0,0.79,26.68,14.54,13.39,56.5,"4.28","-50.96","-52.67","7"
"488",2012,27,0,3.8,26.07,14.9,11.55,44.23,"5.9","117.16","-50.96","5"
"489",2012,28,0,2.72,24.05,15.74,12.96,39.27,"4.66","129.27000000000001","117.16","1"
"490",2012,29,0,2.95,25.7,18.92,12.23,41.53,"4.93","128.22999999999999","129.27000000000001","2"
"491",2012,30,0,0.06,26.51,19.09,13.51,37.72,"5.05","126.92","128.22999999999999","1"
"492",2012,31,0,0.07,24.51,16.91,14.54,45.9,"4.91","131.68","126.92","0"
"493",2012,32,0,1.76,23.55,17.4,14.9,42.97,"3.53","131.80000000000001","131.68","2"
"494",2012,33,0,3.65,24.49,18.17,15.74,51.44,"4.46","136.76","131.80000000000001","0"
"495",2012,34,0,1.92,22.24,19.34,18.92,60.81,"3.5","-48.7","136.76","0"
"496",2012,35,0,1.56,22.73,16.75,19.09,46.71,"4.13","120.96","-48.7","1"
"497",2012,36,0,3.76,20.35,16.23,16.91,46.37,"4.6500000000000004","171.87","120.96","2"
"498",2012,37,0,1.86,18.98,16.72,17.4,52.37,"4.3","-76.55","171.87","1"
"499",2012,38,0,2.59,20.31,15.01,18.17,48.11,"4.25","-71.150000000000006","-76.55","0"
"500",2012,39,0,0.01,20.51,14.64,19.34,45.21,"4.8499999999999996","-55.82","-71.150000000000006","0"
"501",2012,40,0,0.44,21.99,14.25,16.75,37.62,"4.03","-51.63","-55.82","0"
"502",2012,41,0,0.58,21.87,12.86,16.23,34.28,"3.73","133.32","-51.63","1"
"503",2012,42,0,0,22.33,12.18,16.72,40.86,"4.4000000000000004","-50.75","133.32","0"
"504",2012,43,0,0.21,24.84,9.93,15.01,33.19,"4.63","-56.31","-50.75","0"
"505",2012,44,0,0.01,24.57,9.35,14.64,32.65,"5.05","-65.790000000000006","-56.31","0"
"506",2012,45,0,0.03,25.06,9.87,14.25,26.35,"3.28","-56.72","-65.790000000000006","0"
"507",2012,46,0,0.6,26.09,9.32,12.86,26.16,"3","-50.11","-56.72","1"
"508",2012,47,0,0,26.77,8.71,12.18,15.36,"4.25","127.98","-50.11","0"
"509",2012,48,0,0.57,27.16,8.34,9.93,11.34,"3.52","116.92","127.98","1"
"510",2012,49,0,0.03,27.24,7.71,9.35,8.49,"5.94","106.93","116.92","0"
"511",2012,50,0,0.12,27.39,8,9.87,6.01,"5.22","106.76","106.93","0"
"512",2012,51,0,0.01,27.79,7.73,9.32,10.69,"4.32","-27.76","106.76","0"
"513",2012,52,0,6.27,27.7,7.6,8.71,4.97,"4.7300000000000004","111.91","-27.76","3"
"514",2013,1,0,6.09,26.4,7.18,8.34,4.55,"5.51","121.04","111.91","1"
"515",2013,2,0,6.65,26.6,7.1,7.71,6,"7.94","113.2","121.04","2"
"516",2013,3,0,10.82,27.28,6.77,8,5.45,"5.63","140.69999999999999","113.2","3"
"517",2013,4,0,2.01,27.52,6.41,7.73,3.27,"5.99","95.06","140.69999999999999","4"
"518",2013,5,0,5.51,25.27,6.43,7.6,2.87,"6.43","108.2","95.06","5"
"519",2013,6,0,9.28,27.02,6.84,7.18,3.01,"7.23","82.35","108.2","5"
"520",2013,7,0,10.1,27.52,7.35,7.1,3.83,"5.63","106.83","82.35","2"
"521",2013,8,0,5.61,28.06,7.4,6.77,5.89,"3.75","79.66","106.83","5"
"522",2013,9,0,4.46,27.44,7.44,6.41,4.98,"5.55","43.26","79.66","6"
"523",2013,10,0,9.7,27.71,7.64,6.43,4.65,"2.5299999999999998","113.11","43.26","4"
"524",2013,11,0,5.53,27.78,7.41,6.84,5.43,"4.0999999999999996","-17.59","113.11","10"
"525",2013,12,0,1.35,27.64,7.87,7.35,6.34,"3.08","118.29","-17.59","13"
"526",2013,13,0,8.13,27.91,7.69,7.4,9.35,"5.99","109.24","118.29","10"
"527",2013,14,0,0.33,28.18,8.42,7.44,14.04,"3.14","98.08","109.24","9"
"528",2013,15,0,3.57,28.21,9.49,7.64,7.45,"6.14","110.49","98.08","7"
"529",2013,16,0,0.68,27.92,8.96,7.41,20.5,"7.82","-50.98","110.49","3"
"530",2013,17,0,3.74,28.55,9.54,7.87,12.31,"4.3099999999999996","108.71","-50.98","7"
"531",2013,18,0,1.26,28.5,11.04,7.69,25.59,"5.98","-36.29","108.71","4"
"532",2013,19,0,3.59,27.08,10.41,8.42,34.84,"6.31","-47.12","-36.29","4"
"533",2013,20,0,7.47,27.21,13.64,9.49,26.93,"2.59","122.37","-47.12","7"
"534",2013,21,0,0.8,27.33,11.59,8.96,32.92,"4.0999999999999996","105.36","122.37","7"
"535",2013,22,0,5.14,26.76,13.35,9.54,35.79,"6.89","-11.63","105.36","1"
"536",2013,23,0,4.78,27.13,12.03,11.04,44.35,"4.49","-47.86","-11.63","3"
"537",2013,24,0,0.08,27.21,15.56,10.41,42.86,"4.46","-53.79","-47.86","4"
"538",2013,25,0,3.94,26.66,15.44,13.64,48.89,"5.43","136.04","-53.79","1"
"539",2013,26,0,2.69,26.19,17.01,11.59,36.09,"3.04","128.33000000000001","136.04","0"
"540",2013,27,0,2.45,27.16,15.33,13.35,45.94,"4.63","101.31","128.33000000000001","2"
"541",2013,28,0,0.23,27.51,19.67,12.03,33.39,"4.3099999999999996","126.3","101.31","0"
"542",2013,29,0,0.46,27.41,17.8,15.56,55.25,"4.97","-45.88","126.3","3"
"543",2013,30,0,1.62,23.78,18.55,15.44,53.6,"4.5199999999999996","-154.44","-45.88","0"
"544",2013,31,0,3,26.37,19.55,17.01,45.37,"4.45","63.43","-154.44","0"
"545",2013,32,0,3.62,21.46,18.49,15.33,33.01,"4.13","122.46","63.43","0"
"546",2013,33,0,4.88,23.34,19.41,19.67,60.71,"4.09","-46.94","122.46","0"
"547",2013,34,0,0.16,21.77,18.31,17.8,59.44,"4.46","-51.25","-46.94","2"
"548",2013,35,0,0.84,24.07,16.38,18.55,56.32,"4.42","-53.48","-51.25","0"
"549",2013,36,0,1.87,21.37,15.86,19.55,57.92,"4.25","-40.75","-53.48","0"
"550",2013,37,0,5.24,23.44,17.08,18.49,50.34,"4.55","133.15","-40.75","1"
"551",2013,38,0,0,24.63,17.39,19.41,52.26,"3.73","-35.840000000000003","133.15","1"
"552",2013,39,0,0.02,24.65,14.87,18.31,31.33,"3.62","150.04","-35.840000000000003","2"
"553",2013,40,0,0.05,26.15,12.52,16.38,39.19,"3.91","137.44","150.04","0"
"554",2013,41,0,0,23.38,11.34,15.86,28.06,"4.2","122.03","137.44","1"
"555",2013,42,0,0.19,25.43,11.75,17.08,33.22,"4.1500000000000004","-50.42","122.03","0"
"556",2013,43,0,0.01,25.44,11.87,17.39,37.29,"3.12","-70.64","-50.42","1"
"557",2013,44,0,1.38,25.23,11.26,14.87,23.91,"2.74","165.1","-70.64","1"
"558",2013,45,0,0.29,24.55,10.87,12.52,20.77,"3.7","129.93","165.1","0"
"559",2013,46,0,5.23,25.99,9.92,11.34,13.68,"6.36","135.31","129.93","0"
"560",2013,47,0,0.9,26.24,9.95,11.75,20.47,"6.55","-25.87","135.31","0"
"561",2013,48,0,0,27.38,9.03,11.87,18.61,"4.6100000000000003","-38.75","-25.87","0"
"562",2013,49,0,5.25,27.48,8.65,11.26,13.11,"2.41","-51.86","-38.75","1"
"563",2013,50,0,8.36,26.53,7.81,10.87,11.12,"2.15","-23.39","-51.86","0"
"564",2013,51,0,7.5,26.44,7.37,9.92,8.06,"5.19","90","-23.39","1"
"565",2013,52,0,1.04,26.71,7.84,9.95,8.34,"4.8499999999999996","-5.0999999999999996","90","0"
"566",2014,1,0,0.01,27.27,7.62,9.03,9.06,"5.29","-32.29","-5.0999999999999996","0"
"567",2014,2,0,0.27,27.54,8.09,8.65,5.74,"4.17","104.77","-32.29","0"
"568",2014,3,0,6.45,27.26,7.35,7.81,7.87,"2.69","10.74","104.77","1"
"569",2014,4,0.43,5.49,27.8,7.28,7.37,2.34,"5.49","120.39","10.74","5"
"570",2014,5,1,2.17,27.79,7.39,7.84,3.5,"5.1100000000000003","102.36","120.39","2"
"571",2014,6,0.71,1.43,28.48,7.28,7.62,4.28,"5.52","104.95","102.36","3"
"572",2014,7,0,1.69,28.7,6.8,8.09,4.95,"4.74","26.85","104.95","2"
"573",2014,8,0,0.28,28.8,7.12,7.35,3.23,"5.94","126.42","26.85","5"
"574",2014,9,0,1.61,28.26,7.22,7.28,5.34,"6.01","-10.78","126.42","9"
"575",2014,10,0,1.28,28.48,6.5,7.39,7.83,"3.18","-43.38","-10.78","6"
"576",2014,11,0,1.45,27.91,6.96,7.28,7.68,"2.62","-25.87","-43.38","12"
"577",2014,12,0,2.21,26.46,7.67,6.8,15.22,"3.17","28.95","-25.87","14"
"578",2014,13,0,11.92,27.73,7.38,7.12,10.17,"4.4000000000000004","129.4","28.95","13"
"579",2014,14,0,0.34,27.93,8.05,7.22,12.35,"6.37","155.56","129.4","8"
"580",2014,15,0,0,28.52,8.12,6.5,13.88,"6.13","12.34","155.56","5"
"581",2014,16,0,1.72,28.21,9.17,6.96,8.73,"3.05","98.17","12.34","10"
"582",2014,17,0,0.02,27.76,9.55,7.67,20.2,"5.45","94.82","98.17","4"
"583",2014,18,0,10.44,27.02,9.21,7.38,23.17,"4.55","-21.6","94.82","6"
"584",2014,19,0,7.18,26.45,10.66,8.05,22.87,"6.18","128.06","-21.6","7"
"585",2014,20,0,0.93,26.81,11.01,8.12,28.72,"4.59","137.24","128.06","12"
"586",2014,21,0,10.41,27.7,13.67,9.17,31.7,"5.25","-53.13","137.24","10"
"587",2014,22,0,4.05,26.72,14.21,9.55,29.36,"4.1399999999999997","135","-53.13","6"
"588",2014,23,0,1.54,25.67,14.99,9.21,35.02,"5.5","151.08000000000001","135","2"
"589",2014,24,0,7.56,26.93,16.23,10.66,39,"5.53","157.07","151.08000000000001","13"
"590",2014,25,0,1.69,27.32,16.49,11.01,43.03,"4.0599999999999996","129.36000000000001","157.07","4"
"591",2014,26,0,0.27,27.87,15.18,13.67,49.5,"4.1900000000000004","165.47","129.36000000000001","7"
"592",2014,27,0,3.83,26.47,16.46,14.21,40.76,"3.63","123","165.47","4"
"593",2014,28,0,3.62,27.12,16.04,14.99,48.6,"3.55","-7.51","123","2"
"594",2014,29,0,1.89,24.65,17.96,16.23,61.11,"4.26","-31.33","-7.51","4"
"595",2014,30,0,2.49,26.27,18.85,16.49,46.22,"5.66","39.29","-31.33","3"
"596",2014,31,0,0.15,22.71,17.11,15.18,48.49,"4.49","137.96","39.29","4"
"597",2014,32,0,1.03,23.88,19.33,16.46,46.67,"5.18","151.97","137.96","1"
"598",2014,33,0,1.51,25.31,20.27,16.04,48.25,"4.75","141.69","151.97","0"
"599",2014,34,0,0,23.85,19.07,17.96,57,"4.04","-32.03","141.69","3"
"600",2014,35,0,0.82,22.24,19.64,18.85,53.7,"4.7699999999999996","16.04","-32.03","2"
"601",2014,36,0,0.64,24.14,19.03,17.11,40.25,"5.03","146.21","16.04","2"
"602",2014,37,0,2,23.53,16.46,19.33,56.24,"4.0199999999999996","-30.03","146.21","2"
"603",2014,38,0,1.02,24.72,16.78,20.27,53.68,"3.65","-15.2","-30.03","0"
"604",2014,39,0,0.47,26.26,16.1,19.07,37.99,"4","-48.08","-15.2","0"
"605",2014,40,0,0.11,22.85,13.47,19.64,47,"3.72","-13.44","-48.08","1"
"606",2014,41,0,2.42,25.33,14.03,19.03,38.57,"3.97","36.619999999999997","-13.44","0"
"607",2014,42,0,0,25.44,14.49,16.46,33.94,"3.9","-33.200000000000003","36.619999999999997","0"
"608",2014,43,0,0,25.19,11.83,16.78,39.58,"4.49","-15.76","-33.200000000000003","0"
"609",2014,44,0,1.82,26.43,11.32,16.1,29.03,"3.6","143.13","-15.76","0"
"610",2014,45,0,0,26.7,11.48,13.47,20.31,"3.06","151.26","143.13","2"
"611",2014,46,0,0.58,27.19,11.31,14.03,19.62,"4.96","-64.03","151.26","0"
"612",2014,47,0,1.48,27.37,10,14.49,19.75,"3.39","-10.01","-64.03","1"
"613",2014,48,0,0,28.41,9.06,11.83,7.26,"2.73","119.96","-10.01","1"
"614",2014,49,0,0.53,26.61,9.6,11.32,8.11,"6.74","126.07","119.96","1"
"615",2014,50,0,5.03,27.33,8.38,11.48,10.46,"5.79","118.6","126.07","1"
"616",2014,51,0,0.76,28.77,9.72,11.31,7.09,"5.92","116.38","118.6","0"
"617",2014,52,0,1.21,28.02,8.89,10,13.77,"5.74","22.33","116.38","0"
"618",2014,53,0,6.15,26.25,8.58,9.06,8.13,"4.12","103.37","22.33","0"
"619",2015,1,0,17.15,25.3,8,9.6,5.1,"3.96","89.16","103.37","1"
"620",2015,2,0,6.8,24.85,8.43,8.38,6.09,"6.52","16.7","89.16","0"
"621",2015,3,0,6.15,24.84,8.24,9.72,3.81,"3.37","119.53","16.7","0"
"622",2015,4,0,0.08,26.41,8.69,8.89,2.98,"6.85","113.97","119.53","0"
"623",2015,5,0,5.02,25.83,8.86,8.58,5.18,"5.75","77.91","113.97","0"
"624",2015,6,0,8.59,25.62,9.04,8,8.5,"4.55","-39.42","77.91","0"
"625",2015,7,0,2.5,24.94,9.2,8.43,3.35,"4.3","52.07","-39.42","3"
"626",2015,8,0,18.41,25.73,8.9,8.24,5.51,"3.68","102.32","52.07","1"
"627",2015,9,0,6.77,26.53,8.76,8.69,4.94,"3.81","121.41","102.32","1"
"628",2015,10,0,2.3,25.72,8.81,8.86,9.01,"4.66","103.8","121.41","1"
"629",2015,11,0,0.22,25.38,9.39,9.04,6.31,"3.58","118.81","103.8","2"
"630",2015,12,0,5.83,25.92,9.46,9.2,8.3,"5.85","119.74","118.81","5"
"631",2015,13,0,5.21,25.39,9.82,8.9,17.45,"4.45","-60.01","119.74","2"
"632",2015,14,0,4.42,25.58,9.89,8.76,17.9,"3.56","-19.32","-60.01","1"
"633",2015,15,0,0.37,24.19,10.26,8.81,22.88,"2.9","-45","-19.32","0"
"634",2015,16,0,13.01,24.89,10.83,9.39,19.13,"2.6","114.18","-45","2"
"635",2015,17,0,6.34,25.94,11.7,9.46,17.03,"4.3099999999999996","102.62","114.18","2"
"636",2015,18,0,0.14,26,11.52,9.82,18.73,"4.95","119.01","102.62","4"
"637",2015,19,0,2.82,26.6,12.87,9.89,24.38,"5.51","115.62","119.01","3"
"638",2015,20,0,0.37,27.54,14.6,10.26,37.14,"6.08","136.79","115.62","3"
"639",2015,21,0,2.78,27.37,16.26,10.83,35.49,"4.13","-23.63","136.79","5"
"640",2015,22,0,5.88,26.28,17.02,11.7,38.39,"5.31","-51.34","-23.63","3"
"641",2015,23,0,5.13,25.79,17.09,11.52,34.39,"4.8","122.85","-51.34","1"
"642",2015,24,0,5,25.41,18.15,12.87,49.73,"5.65","-77.680000000000007","122.85","1"
"643",2015,25,0,0.5,25.68,16.6,14.6,49.46,"3.58","-73.739999999999995","-77.680000000000007","2"
"644",2015,26,0,0.63,26.78,17.91,16.26,54.79,"3.48","-62.1","-73.739999999999995","1"
"645",2015,27,0,3.4,25.47,19.77,17.02,58.87,"4.0199999999999996","-45","-62.1","6"
"646",2015,28,0,0.67,25.56,16.74,17.09,47.81,"3.89","99.46","-45","2"
"647",2015,29,0,0.25,24.98,16.43,18.15,62.07,"3.91","-51.34","99.46","8"
"648",2015,30,0,0.54,25.28,17.37,16.6,56.42,"6.75","-58.89","-51.34","2"
"649",2015,31,0,0,24.72,18.23,17.91,54.4,"3.77","-62.04","-58.89","2"
"650",2015,32,0,0,23.91,18.8,19.77,57.96,"4.3899999999999997","-52.22","-62.04","0"
"651",2015,33,0,1.69,26.37,18.41,16.74,50.37,"6.28","139.36000000000001","-52.22","2"
"652",2015,34,0,0,24.72,17.94,16.43,54.06,"4","-57.13","139.36000000000001","0"
"653",2015,35,0,0.27,25.15,17.79,17.37,49.23,"5.46","99.73","-57.13","1"
"654",2015,36,0,0.09,27.17,12.48,18.23,54.7,"4.47","-58.53","99.73","1"
"655",2015,37,0,0.05,26.36,15.39,18.8,42.69,"3.43","-43.81","-58.53","1"
"656",2015,38,0,1.12,26.87,14.99,18.41,46.29,"4.0199999999999996","-54.57","-43.81","1"
"657",2015,39,0,1.13,26.86,13.11,17.94,48.73,"4.55","-48.83","-54.57","0"
"658",2015,40,0,1.14,27.09,13.74,17.79,38.92,"5.23","117.36","-48.83","4"
"659",2015,41,0,0.75,26.92,13.59,12.48,24.33,"3.79","133.38999999999999","117.36","2"
"660",2015,42,0,1.12,27.46,12.01,15.39,35.86,"4.99","-66.8","133.38999999999999","1"
"661",2015,43,0,0.17,27.97,12.74,14.99,22.61,"4.66","73.349999999999994","-66.8","0"
"662",2015,44,0,0.04,28.73,12.21,13.11,22.35,"5.29","110.85","73.349999999999994","3"
"663",2015,45,0,3.69,27.08,11.07,13.74,29.92,"5.62","-55.98","110.85","0"
"664",2015,46,0,3.29,27.75,10.63,13.59,13.43,"3.74","123.63","-55.98","2"
"665",2015,47,0,0.44,28.66,9.71,12.01,16.62,"4.7699999999999996","-51.2","123.63","0"
"666",2015,48,0,2.02,27.1,9,12.74,13.63,"3.92","-45","-51.2","2"
"667",2015,49,0,3.58,27.67,9.52,12.21,11.74,"3.23","122.69","-45","0"
"668",2015,50,0,0,27.94,9.87,11.07,8.37,"4.33","95.08","122.69","0"
"669",2015,51,0,4.72,27.54,8.76,10.63,7.56,"5.61","94.55","95.08","1"
"670",2015,52,0,1.79,28.01,8.69,9.71,8.81,"5.49","-14.41","94.55","0"
"671",2015,53,0,0.92,28.14,8,9,8.81,"6.43","-40.18","-14.41","0"
"672",2016,1,0,8.24,28.41,7.81,9.52,3.5,"3.17","120.42","-40.18","1"
"673",2016,2,0,7.24,27.19,6.85,9.87,3.47,"7.01","117.78","120.42","0"
"674",2016,3,0,6.41,27.46,7.91,8.76,4.71,"8.91","96.44","117.78","2"
"675",2016,4,0,3.86,27.8,8.95,8.69,3.91,"6.38","100.37","96.44","0"
"676",2016,5,0,1.18,26.27,8.57,8,6.09,"6.42","61.04","100.37","2"
"677",2016,6,0,16.15,27.26,8.09,7.81,3.77,"4.2300000000000004","82.41","61.04","5"
"678",2016,7,0,16.01,27.85,8.26,6.85,5.79,"2.66","-45.18","82.41","1"
"679",2016,8,0,5.34,26.9,8.67,7.91,5.18,"2.74","111.74","-45.18","3"
"680",2016,9,0,4.04,26.62,8.2,8.95,4.78,"4.95","109.28","111.74","1"
"681",2016,10,0,1.61,26.74,8.92,8.57,5.46,"6.48","122.39","109.28","2"
"682",2016,11,0,4,28.06,9.12,8.09,6.99,"6.11","111.99","122.39","NA"
"683",2016,12,0,0.52,27.77,8.78,8.26,9.13,"5.56","122.15","111.99","7"
"684",2016,13,0,9.01,26.61,9.22,8.67,9.07,"3.95","120.32","122.15","8"
"685",2016,14,0,8.46,25.92,10.18,8.2,15.93,"5.73","99.27","120.32","3"
"686",2016,15,0,11.1,26.03,10.28,8.92,11.96,"2.88","121.25","99.27","3"
"687",2016,16,0,6.49,26.27,10.35,9.12,12.57,"7.91","128.85","121.25","2"
"688",2016,17,0,5.43,25.47,12.38,8.78,22.18,"7.58","113.9","128.85","4"
"689",2016,18,0,7.62,26.06,12.09,9.22,20.46,"4.47","119.17","113.9","4"
"690",2016,19,0,1.47,24.83,13.75,10.18,37.4,"4.24","-51.34","119.17","3"
"691",2016,20,0,14.18,25.85,13.76,10.28,33.56,"3.5","126.61","-51.34","5"
"692",2016,21,0,12.84,26.25,14.49,10.35,29.4,"4.6100000000000003","131","126.61","2"
"693",2016,22,0,2.84,26.15,14.66,12.38,33.07,"6.12","-100.89","131","2"
"694",2016,23,0,4.21,26.57,15.64,12.09,45.93,"3.36","-64.52","-100.89","0"
"695",2016,24,0,0.23,26.75,16.71,13.75,48.99,"5.07","-57.16","-64.52","1"
"696",2016,25,0,0.89,25.26,15.86,13.76,53.36,"5.03","-56.95","-57.16","1"
"697",2016,26,0,1.21,25.91,15.42,14.49,44.83,"3.95","-100.71","-56.95","1"
"698",2016,27,0,1.16,25.85,16.97,14.66,43.4,"4.25","98.13","-100.71","1"
"699",2016,28,0,0.29,26.81,16.6,15.64,48.21,"4.46","-175.76","98.13","2"
"700",2016,29,0,0.64,25.87,16.67,16.71,50.14,"4.08","-48.52","-175.76","3"
"701",2016,30,0,0.02,25.46,17.98,15.86,44.9,"4.46","116.57","-48.52","4"
"702",2016,31,0,0.78,23.88,19.68,15.42,43.48,"3.81","128.02000000000001","116.57","1"
"703",2016,32,0,2.61,24.11,18.09,16.97,56.61,"3.96","-175.91","128.02000000000001","1"
"704",2016,33,0,0.72,25.31,18.03,16.6,44.95,"4.3899999999999997","131.15","-175.91","2"
"705",2016,34,0,0.96,25.6,19.19,16.67,48.81,"5.71","-56.48","131.15","0"
"706",2016,35,0,3.85,24.52,17.77,17.98,52.24,"4.2","101.31","-56.48","2"
"707",2016,36,0,2.96,25.34,14.78,19.68,56.51,"3.39","-46.35","101.31","0"
"708",2016,37,0,0.3,24.8,14.44,18.09,43.4,"5.7","-58.24","-46.35","0"
"709",2016,38,0,2.78,24.45,15.79,18.03,41.12,"3.39","-58.77","-58.24","3"
"710",2016,39,0,0.95,24.1,13.86,19.19,50.1,"3.88","-54.71","-58.77","1"
"711",2016,40,0,0.45,25.73,14,17.77,45.69,"5.57","-53.4","-54.71","1"
"712",2016,41,0,0,26.42,12.35,14.78,27.86,"4.74","124.38","-53.4","0"
"713",2016,42,0,1.29,26.51,11.7,14.44,29.91,"4.67","136.97","124.38","0"
"714",2016,43,0,0.62,27.22,11.19,15.79,32.01,"3.86","-56.12","136.97","0"
"715",2016,44,0,0,27.66,11.24,13.86,25.72,"4.4400000000000004","73.44","-56.12","0"
"716",2016,45,0,0.09,27.17,10.91,14,22.66,"4.78","-45.22","73.44","0"
"717",2016,46,0.14,3.6,26.97,11.16,12.35,16.64,"4.6900000000000004","113.74","-45.22","1"
"718",2016,47,1,1.11,28.03,10.39,11.7,16.02,"5.57","103.41","113.74","0"
"719",2016,48,0.57,2,27.81,10.13,11.19,8.13,"5.68","118.75","103.41","0"
"720",2016,49,0.71,3.2,28.05,9.24,11.24,5.62,"6.79","114.68","118.75","1"
"721",2016,50,1,1.78,27.33,8.15,10.91,5.34,"5.86","121.75","114.68","0"
"722",2016,51,1,14.46,27.23,7.55,11.16,6.25,"7.65","122.93","121.75","2"
"723",2016,52,0.78,17.42,26.68,8.2,10.39,4.87,"6.43","109.76","122.93","0"
"724",2017,1,0.88,6.81,25.56,7.44,10.13,4.2,"5.25","125.06","109.76","1"
"725",2017,2,1,6.56,24.66,7.04,9.24,4.11,"7.44","87.95","125.06","0"
"726",2017,3,1,13.08,25.42,7.24,8.15,5.35,"6.54","57.75","87.95","1"
"727",2017,4,1,6.77,25.35,7.84,7.55,6.31,"5.58","-14.66","57.75","0"
"728",2017,5,1,6.68,24.95,7.81,8.2,5.01,"4.33","112.79","-14.66","5"
"729",2017,6,1,14.58,25.09,7.42,7.44,4.66,"7.28","99.71","112.79","1"
"730",2017,7,1,4.72,25.48,6.85,7.04,7.25,"5.32","55.62","99.71","1"
"731",2017,8,1,2.46,25.38,7.53,7.24,6.96,"5.26","-40.36","55.62","2"
"732",2017,9,1,1.04,26.55,7.62,7.84,5.66,"3.51","117.83","-40.36","2"
"733",2017,10,1,5.5,26.83,7.55,7.81,7.63,"6.92","116.29","117.83","5"
"734",2017,11,1,2.96,27.17,7.84,7.42,9.69,"4.4400000000000004","-22.34","116.29","6"
"735",2017,12,1,0.11,26.45,8.13,6.85,6.18,"5.2","98.95","-22.34","7"
"736",2017,13,0.14,1.27,26.53,7.9,7.53,11,"5.14","124.4","98.95","1"
"737",2017,14,0,9.14,27.48,8.48,7.62,17.66,"5.47","-33.79","124.4","12"
"738",2017,15,0,0.61,26.88,8.53,7.55,15.54,"4.41","117.11","-33.79","5"
"739",2017,16,0,1.23,26.05,8.83,7.84,14.79,"5.82","109.12","117.11","5"
"740",2017,17,0,3.57,26.39,9.78,8.13,17.51,"4.67","121.59","109.12","6"
"741",2017,18,0,7.65,27.3,10.65,7.9,21.09,"6.53","134.08000000000001","121.59","4"
"742",2017,19,0,2.43,27.46,10.92,8.48,21.73,"5.81","114.81","134.08000000000001","4"
"743",2017,20,0,1.63,27.02,12.26,8.53,23.08,"7.1","122.4","114.81","0"
"744",2017,21,0,3.52,26.51,11.43,8.83,30.94,"6.66","121.64","122.4","2"
"745",2017,22,0,6.48,27.31,14.71,9.78,29.06,"5.8","113.74","121.64","2"
"746",2017,23,0,3.97,26.41,13.79,10.65,36.08,"4.41","126.48","113.74","2"
"747",2017,24,0,6.5,25.8,14.94,10.92,39.53,"5.63","135","126.48","0"
"748",2017,25,0,7.01,26.06,15.26,12.26,36.93,"4.37","126.33","135","0"
"749",2017,26,0,4.6,25.13,14.97,11.43,44.23,"4.12","150.91","126.33","0"
"750",2017,27,0,3.9,25.15,16.9,14.71,55.85,"3.94","-55.35","150.91","1"
"751",2017,28,0,2.13,24.14,17.9,13.79,42.23,"4.22","134.19999999999999","-55.35","3"
"752",2017,29,0,2.06,25.57,18.02,14.94,51.68,"4.79","144.07","134.19999999999999","0"
"753",2017,30,0,2.9,21.59,17.69,15.26,42.9,"3.36","129","144.07","1"
"754",2017,31,0,2.44,24.75,17.45,14.97,51.26,"5.56","-58.8","129","2"
"755",2017,32,0,0,20.54,18.73,16.9,61.36,"4.8499999999999996","-49.96","-58.8","3"
"756",2017,33,0,0.89,17.45,19.3,17.9,60.74,"4.37","-71.03","-49.96","1"
"757",2017,34,0,1.95,20.49,16.53,18.02,50.02,"3.74","-36.67","-71.03","1"
"758",2017,35,0,2.92,21.85,17.8,17.69,44.9,"4.21","-49.97","-36.67","2"
"759",2017,36,0,0.42,22.57,18.08,17.45,55.92,"4.16","-34.380000000000003","-49.97","1"
"760",2017,37,0,0,22.57,18.66,18.73,52.04,"4.34","-35.54","-34.380000000000003","1"
"761",2017,38,0,0.01,22.16,15.24,19.3,48.16,"4.68","-53.82","-35.54","0"
"762",2017,39,0,0,23.75,13.91,16.53,46.51,"3.22","-30.15","-53.82","2"
"763",2017,40,0,0.54,24.41,13.82,17.8,43.96,"4.22","-51.7","-30.15","1"
"764",2017,41,0,0.09,24.52,13.63,18.08,41.33,"2.92","-36.630000000000003","-51.7","4"
"765",2017,42,0,0,25.92,12.37,18.66,29.38,"3.44","-43.78","-36.630000000000003","0"
"766",2017,43,0,0.37,25.22,10.99,15.24,34.1,"3.47","-49.16","-43.78","2"
"767",2017,44,0,0.09,26.53,10.63,13.91,26.9,"4.51","-76.680000000000007","-49.16","2"
"768",2017,45,0,0.04,27.11,10.52,13.82,24.39,"3.37","159.15","-76.680000000000007","1"
"769",2017,46,0,0.04,27.46,9.71,13.63,25.31,"2.21","-54.49","159.15","0"
"770",2017,47,0,1.12,27.82,9.65,12.37,19.73,"3.93","-42.47","-54.49","0"
"771",2017,48,0,0.04,27.94,9.42,10.99,9.28,"4.28","126.12","-42.47","0"
"772",2017,49,0,3.31,27.72,8.94,10.63,16.31,"7.31","-172.87","126.12","1"
"773",2017,50,0,2.02,28.09,7.87,10.52,12.97,"3.48","-50.48","-172.87","0"
"774",2017,51,0,0.91,28.41,8.05,9.71,9.08,"3.64","124.72","-50.48","3"
"775",2017,52,0,2.44,28.08,7.9,9.65,3.8,"4.29","127.09","124.72","0"
"776",2018,1,0,14.14,27.72,7.33,9.42,3.92,"7.96","118.96","127.09","1"
"777",2018,2,0,0.3,28.22,7.24,8.94,3.68,"7.28","120.62","118.96","1"
"778",2018,3,0,2.63,27.63,8.04,7.87,5.94,"7.24","-46.54","120.62","0"
"779",2018,4,0,2.11,26.58,8.44,8.05,6.63,"2.78","-59.67","-46.54","1"
"780",2018,5,0,17.29,26.64,8.41,7.9,4.98,"2.86","-22.15","-59.67","1"
"781",2018,6,0,14.53,25.14,8.03,7.33,3.1,"4.8","56.1","-22.15","2"
"782",2018,7,0,6.41,26.88,8.1,7.24,5.16,"4.18","-45.36","56.1","4"
"783",2018,8,0,0.05,26.98,7.57,8.04,3.2,"3.59","101.27","-45.36","3"
"784",2018,9,0,1.23,27.04,6.76,8.44,4.63,"4.9400000000000004","123.3","101.27","1"
"785",2018,10,0,5.51,27.83,7.37,8.41,7.38,"7.24","126.03","123.3","1"
"786",2018,11,0.14,4.13,27.2,7.33,8.03,4.57,"7.93","109.76","126.03","1"
"787",2018,12,1,2.13,26.25,8.06,8.1,11.32,"5.56","-0.94","109.76","8"
"788",2018,13,1,8.26,26.63,8.38,7.57,16.07,"4.41","63.43","-0.94","5"
"789",2018,14,1,13.97,26.24,8.75,6.76,16.22,"4.57","26.31","63.43","5"
"790",2018,15,1,11.22,27.15,8.64,7.37,18.95,"5.38","99.26","26.31","1"
"791",2018,16,0.43,13.73,27.32,8.88,7.33,20.95,"5.25","-22.62","99.26","3"
"792",2018,17,0,1.16,27.56,9.21,8.06,26.68,"2.7","-21.45","-22.62","1"
"793",2018,18,0,3.28,27.63,10.91,8.38,25.32,"3.42","126.56","-21.45","1"
"794",2018,19,0,0.46,27.6,11.54,8.75,25.93,"4.33","105.28","126.56","1"
"795",2018,20,0,3.11,27.74,13.47,8.64,24.01,"5.24","107.1","105.28","3"
"796",2018,21,0,2.55,28.26,14.43,8.88,27.9,"5.78","122.49","107.1","4"
"797",2018,22,0,1,28.24,15.7,9.21,33,"6.53","118.22","122.49","4"
"798",2018,23,0,2.2,28.31,15.99,10.91,43.81,"4.12","-67.900000000000006","118.22","7"
"799",2018,24,0,1.77,27.88,13.96,11.54,42.8,"4.01","-97.85","-67.900000000000006","5"
"800",2018,25,0,8.03,26.9,14.54,13.47,51.51,"3.53","-73.64","-97.85","6"
"801",2018,26,0,5.02,28.06,15.69,14.43,55.76,"4.32","164.05","-73.64","2"
"802",2018,27,0,2.74,28.29,16.13,15.7,50.86,"3.45","-102.53","164.05","3"
"803",2018,28,0,1.39,27.27,16.04,15.99,51.76,"3.31","-75.069999999999993","-102.53","0"
"804",2018,29,0,0.25,27.25,17.34,13.96,36.17,"5.35","127.24","-75.069999999999993","0"
"805",2018,30,0,0.92,24.76,17.43,14.54,48.19,"5.03","-53.2","127.24","1"
"806",2018,31,0,0.09,22.78,19.44,15.69,57.63,"4.3499999999999996","-131.41999999999999","-53.2","2"
"807",2018,32,0,0,26.4,17.7,16.13,38.62,"4.1399999999999997","-76.84","-131.41999999999999","1"
"808",2018,33,0,0.7,23.31,18.84,16.04,52.9,"4.17","-56.76","-76.84","2"
"809",2018,34,0,2.17,25.22,18.89,17.34,55.79,"4.92","-56.87","-56.76","3"
"810",2018,35,0,2.13,23.94,18.62,17.43,59.6,"5","-56.79","-56.87","2"
"811",2018,36,0,0.02,25.25,17.15,19.44,58.8,"4.9400000000000004","-64.599999999999994","-56.79","0"
"812",2018,37,0,3.7,25.07,16.9,17.7,54.06,"3.71","143.78","-64.599999999999994","2"
"813",2018,38,0,0.22,26.81,12.42,18.84,51.67,"3.3","-163.61000000000001","143.78","0"
"814",2018,39,0,1.13,26.84,12.96,18.89,48.18,"3.2","-55.1","-163.61000000000001","0"
"815",2018,40,0,0.01,27.93,13.31,18.62,40.16,"4.45","-53.44","-55.1","0"
"816",2018,41,0,0,25.66,12.34,17.15,42.83,"3.76","-72.05","-53.44","0"
"817",2018,42,0,0.01,26.28,12.16,16.9,33.44,"2.84","-65.64","-72.05","0"
"818",2018,43,0,0.66,27.01,12.16,12.42,23.71,"4.54","118.69","-65.64","0"
"819",2018,44,0,0.06,27.55,11.37,12.96,20.78,"4.8600000000000003","92.08","118.69","1"
"820",2018,45,0,0.24,27.34,10.26,13.31,29.65,"4.7","-66.17","92.08","0"
"821",2018,46,0,0.19,29.02,10.59,12.34,20.85,"3.81","18.29","-66.17","0"
"822",2018,47,0,1.45,27.99,9.97,12.16,21.1,"5.37","-50.25","18.29","0"
"823",2018,48,0,10.8,27.74,9.46,12.16,23.43,"3.29","-58.83","-50.25","0"
"824",2018,49,0,8.11,28.4,9.45,11.37,13.67,"1.94","115.44","-58.83","0"
"825",2018,50,0,0.62,28.32,8.25,10.26,7.07,"4.6900000000000004","114.63","115.44","0"
"826",2018,51,0,3.64,28.2,9.08,10.59,11.93,"5.72","-29.98","114.63","0"
"827",2018,52,0,2,28.84,8.63,9.97,9.32,"3.68","82.38","-29.98","0"
"828",2019,1,0,0,29.35,8.09,9.46,5.39,"4.42","116.57","82.38","0"
"829",2019,2,0,5.19,28.41,8.32,9.45,5.01,"4.93","106.45","116.57","1"
"830",2019,3,0,9.04,28.31,8.1,8.25,8.52,"5.51","3.9","106.45","0"
"831",2019,4,0,1.02,27.78,7.49,9.08,1.57,"3.31","111.79","3.9","1"
"832",2019,5,0,3.98,27.76,7.88,8.63,3.15,"8.99","116.14","111.79","0"
"833",2019,6,0,3.86,27.51,7.64,8.09,3.62,"8.61","98.32","116.14","0"
"834",2019,7,0,11.85,28.63,6.93,8.32,2.93,"6.75","111.38","98.32","0"
"835",2019,8,0,1.22,25.32,6.71,8.1,4.61,"7.33","116.79","111.38","1"
"836",2019,9,0,13.61,27.01,6.44,7.49,6.96,"5.53","120.41","116.79","2"
"837",2019,10,0,14.79,28.06,6.78,7.88,7.29,"4.12","64.42","120.41","2"
"838",2019,11,0,9.67,27.45,6.92,7.64,8.39,"4.3899999999999997","-34.020000000000003","64.42","3"
"839",2019,12,0,15.06,26.19,7.57,6.93,12.82,"3.6","-31.69","-34.020000000000003","7"
"840",2019,13,0,5,27.56,8.72,6.71,8.84,"5.0199999999999996","59.59","-31.69","6"
"841",2019,14,0,4.2,27.65,9.23,6.44,17.3,"4.42","-10.01","59.59","3"
"842",2019,15,0,3.91,28.31,10.11,6.78,22.88,"5.14","-46.75","-10.01","6"
"843",2019,16,0,1.85,28.41,9.39,6.92,25.57,"3.99","-12.03","-46.75","11"
"844",2019,17,0,0.08,28.27,9.55,7.57,20.81,"3.85","100.06","-12.03","0"
"845",2019,18,0,1.02,28.56,10.03,8.72,35.02,"5.21","-103.67","100.06","5"
"846",2019,19,0,2.12,28.8,11.38,9.23,35.44,"3.09","-50.31","-103.67","3"
"847",2019,20,0,0.07,29.12,13.04,10.11,27.4,"3.28","125.57","-50.31","9"
"848",2019,21,0,0.09,29.14,13.3,9.39,32.46,"4.96","114.95","125.57","5"
"849",2019,22,0,0.93,28.91,13.16,9.55,29.3,"5.34","104.74","114.95","6"
"850",2019,23,0,0.11,28.87,14.79,10.03,40.56,"5.42","-51.11","104.74","9"
"851",2019,24,0,0.5,28.5,15.23,11.38,51.58,"6.33","-61.59","-51.11","13"
"852",2019,25,0,4.25,28.95,17.34,13.04,55.24,"4.17","-55.54","-61.59","4"
"853",2019,26,0,3.51,28.12,17.27,13.3,43.65,"5.5","130.29","-55.54","1"
"854",2019,27,0,3.51,28.84,15.94,13.16,50.46,"4.13","-48.81","130.29","2"
"855",2019,28,0,0.71,28.65,15.82,14.79,61.21,"5.47","127.72","-48.81","3"
"856",2019,29,0,0,29.14,16.13,15.23,52.99,"3.43","162.76","127.72","3"
"857",2019,30,0,0,28.21,17.54,17.34,56.18,"4.88","-60.45","162.76","5"
"858",2019,31,0,1.93,28.38,18.17,17.27,58.52,"4.25","-53.37","-60.45","2"
"859",2019,32,0,1.24,26.81,18.59,15.94,47.57,"5.52","117.47","-53.37","0"
"860",2019,33,0,0,22.01,19.18,15.82,46.84,"3.74","130.37","117.47","0"
"861",2019,34,0,0.58,25.86,17.7,16.13,45.66,"4.43","117.97","130.37","1"
"862",2019,35,0,0.1,27.6,16.75,17.54,52.16,"3.73","-103.2","117.97","0"
"863",2019,36,0,0.24,26.67,17.52,18.17,51.67,"4.67","170.13","-103.2","0"
"864",2019,37,0,2.71,27.67,16.41,18.59,50.47,"3.79","-83.29","170.13","0"
"865",2019,38,0,0.8,25.01,15.08,19.18,47.89,"5.23","152.71","-83.29","0"
"866",2019,39,0,2.81,26.11,12.99,17.7,45.06,"4.58","-108.43","152.71","1"
"867",2019,40,0,1.51,25.94,13.91,16.75,41.61,"3.42","126.31","-108.43","0"
"868",2019,41,0,0.34,25.64,13.08,17.52,40.32,"4.8099999999999996","-83.17","126.31","1"
"869",2019,42,0,2.85,24.79,11.89,16.41,38.8,"4.9400000000000004","-93.96","-83.17","0"
"870",2019,43,0,0.63,26.66,11.58,15.08,21.99,"3.58","115.59","-93.96","0"
"871",2019,44,0,0.24,26.45,11.16,12.99,24.86,"5.22","114.03","115.59","1"
"872",2019,45,0,0.95,26.99,10.45,13.91,21.02,"4.63","-37.99","114.03","0"
"873",2019,46,0,0.02,28.22,10.16,13.08,22.54,"6.33","95.81","-37.99","0"
"874",2019,47,0,0.82,27.94,10.24,11.89,19.33,"4.01","-32.15","95.81","0"
"875",2019,48,0,5.26,27.03,9.8,11.58,10.5,"4.32","120.76","-32.15","0"
"876",2019,49,0,6.18,27.89,9.03,11.16,12.92,"6.28","10.18","120.76","2"
"877",2019,50,0,3.18,27.6,8.51,10.45,17.94,"6.08","-40.549999999999997","10.18","0"
"878",2019,51,0,1.61,27.99,8.87,10.16,8.56,"3.1","-28.07","-40.549999999999997","1"
"879",2019,52,0,1.99,27.83,8.94,10.24,6.78,"2.6","113.96","-28.07","0"
