,Year,epiweek,Total_Rain,Total_Precip,Total_Snow,Outbreak,Salinity,Temperature,PAR,outbreak,WSPD,GSPD,V_east,V_north,WDIR,NVcount
1,2003,1,23.76,23.76,0,0,26.28,8.12,4.08,0,10.27,12.65,8.76,-4.19,115.56,5
2,2003,2,1.41,1.41,0,0,27.64,7.64,6.84,0,3.12,3.98,0.16,-0.18,138.37,11
3,2003,3,1.08,1.08,0,0,28,7.48,6.32,0,3.16,3.93,-0.25,0.43,-30.17,7
4,2003,4,12.82,12.82,0,0,27.66,7.92,3.25,0,4.95,6.03,3.23,-1.62,116.64,2
5,2003,5,4.88,4.88,0,0,27.76,8.39,6.99,0,5.42,6.71,3.28,-2.6,128.4,6
6,2003,6,0.07,0.07,0,0,27.63,7.59,10.97,0,3.15,4.1,-1.97,1.83,-47.11,3
7,2003,7,0.95,0.95,0,0,27.64,7.47,12.21,0,3.67,4.57,0.04,-0.2,168.69,12
8,2003,8,1.72,1.72,0,0,28.34,8.16,12.56,0,5.39,6.55,2.14,-0.56,104.66,6
9,2003,9,0.57,0.57,0,0,28.16,7.67,20.71,0,2.67,3.46,-0.52,0.77,-34.03,4
10,2003,10,0.83,2.37,1.54,0,28.32,7.73,17.47,0,3.55,4.6,-1.63,1.82,-41.85,6
11,2003,11,14.68,14.68,0,0,27.59,7.92,11.9,0,7.15,8.86,5.02,-3.08,121.53,7
12,2003,12,8.21,8.21,0,0,27.34,8.67,18.03,0,8.12,9.9,5.55,-4.69,130.2,0
13,2003,13,2.26,2.26,0,0,27.78,8.42,26.28,0,5.45,6.66,2.51,-1.48,120.53,1
14,2003,14,3.15,3.15,0,0,28.71,8.58,24.26,0,5.36,6.67,2.32,-1.13,115.97,3
15,2003,15,8.52,8.52,0,0,26.78,8.47,22.72,0,6.96,8.5,4.07,-2.92,125.66,3
16,2003,16,3.25,3.25,0,0,26.99,9.06,25.31,0,5.56,6.72,3.36,-1.94,120,1
17,2003,17,2.95,2.95,0,0,27.45,9.59,33.5,0,5.04,6.07,0.11,-0.12,137.49,1
18,2003,18,0.29,0.29,0,0,27.6,12.23,46.67,0,3.7,4.46,0.31,-0.01,91.85,1
19,2003,19,1.29,1.29,0,0,26.69,11.87,47.17,0,4.27,5.21,-1.03,0.89,-49.17,0
20,2003,20,1.26,1.26,0,0,27.09,12.7,41.73,0,4.23,5.34,-0.39,0.37,-46.51,0
21,2003,21,2.6,2.6,0,0,26.36,12.03,31.45,0,4.36,5.28,2.09,-1.59,127.26,0
22,2003,22,0.29,0.29,0,0,25.92,13.53,47.53,0,4.53,5.51,0.15,-0.5,163.3,1
23,2003,23,0.11,0.11,0,0,26.82,14.47,57.56,0,5.82,6.83,-3.61,2.5,-55.3,1
24,2003,24,0.54,0.54,0,0,27.98,15.53,47.27,0,5.93,7.12,1.32,-1.1,129.81,1
25,2003,25,0.47,0.47,0,0,26.75,15.1,52.6,0,3.74,4.58,-1.24,1.02,-50.56,0
26,2003,26,0.02,0.02,0,0,24.98,17.82,58.29,0,3.73,4.51,-1.13,0.74,-56.78,1
27,2003,27,1.19,1.19,0,0,25.88,17.66,48.52,0,4.06,4.98,-1.22,1.07,-48.75,0
28,2003,28,0.51,0.51,0,0,25.97,18.47,47.29,0,4.04,4.87,0.68,-0.17,104.04,0
29,2003,29,1.24,1.24,0,0,26.96,15.56,43.86,0,4.69,5.65,1.19,-0.97,129.18,0
30,2003,30,0,0,0,0,24.52,19.78,54.44,0,4.6,5.45,-1.72,2.04,-40.14,1
31,2003,31,0,0,0,0,26.27,19.51,56.79,0,5.4,6.35,-2.89,2.2,-52.72,0
32,2003,32,0.23,0.23,0,0,27.55,18.17,47.87,0,3.75,4.52,0.06,0.01,80.54,0
33,2003,33,0.51,0.51,0,0,25.37,18.9,41.7,0,3.97,4.83,-0.81,0.36,-66.04,0
34,2003,34,0,0,0,0,27.09,18.64,47.36,0,4.31,5.22,-1.98,1.59,-51.23,0
35,2003,35,0.24,0.24,0,0,27.39,18.23,36.06,0,3.31,4.02,-1.05,0.89,-49.71,2
36,2003,36,1.62,1.62,0,0,27.41,18.16,37.05,0,5.17,6.15,-2.54,1.95,-52.49,1
37,2003,37,1.04,1.04,0,0,28.27,15.79,31.18,0,4.53,5.51,0.72,-0.17,103.28,0
38,2003,38,1.78,1.78,0,0,28.05,14.43,28.24,0,5.46,6.64,0.64,0.17,75.12,0
39,2003,39,0.01,0.01,0,0,28.34,15.49,26.98,0,3.35,4.04,-2.48,1.6,-57.17,3
40,2003,40,0.02,0.02,0,0,27.93,14.86,27.01,0,2.69,3.32,-0.82,0.27,-71.77,1
41,2003,41,10.73,10.73,0,0,28.74,12.36,13.38,0,7.03,8.54,4.84,-4.06,129.99,1
42,2003,42,21.62,21.62,0,0,27.73,10.88,8.82,0,7.85,9.47,4.48,-1.49,108.4,1
43,2003,43,6.74,6.74,0,0,24.98,11.5,11.95,0,4.43,5.47,1.69,-0.79,115.05,1
44,2003,44,0.23,0.23,0,0,24.87,10.68,14.09,0,4.7,5.95,-1.25,2.05,-31.37,0
45,2003,45,0.07,0.07,0,0,26.44,9.63,16.19,0,3.36,4.2,-1.83,1.72,-46.77,0
46,2003,46,2.78,2.78,0,0,26.92,8.93,7.34,0,4.26,5.19,0.4,0.12,73.3,3
47,2003,47,7.75,7.99,0.25,0,27.69,8.91,5.95,0,5.57,7.07,0.76,-0.06,94.51,3
48,2003,48,6.54,6.54,0,0,27.36,8.25,5.65,0,7.61,9.39,3.52,-1.41,111.83,1
49,2003,49,7.94,7.94,0,0,27.24,8.34,5.07,0,6.99,8.69,2.75,-1.74,122.32,2
50,2003,50,4.5,4.5,0,0,27.11,7.87,4.72,0,4.8,5.96,2.71,-1.12,112.45,1
51,2003,51,8.67,8.67,0,0,27.14,7.87,3.55,0,6.3,7.81,4.18,-3.02,125.85,2
52,2003,52,4.43,4.63,0.2,0,27.99,7.98,4.03,0,7.14,8.78,4.28,-3.19,126.7,2
53,2003,53,1.91,3.94,2.03,0,28.35,7.22,4.73,0,6.31,7.94,1.46,0.65,66,4
54,2004,1,5.71,8.42,2.7,1,27.76,6.53,3.94,1,NA,NA,NA,NA,NA,2
55,2004,2,5.35,5.35,0,1,26.34,7.64,3.61,1,NA,NA,NA,NA,NA,3
56,2004,3,3.28,3.33,0.04,1,26.97,7.49,4.02,1,4.07,4.94,0.23,0.33,34.88,4
57,2004,4,7.97,8.68,0.71,1,27.65,7.04,5.14,1,5.78,7.07,1.46,0.65,66,2
58,2004,5,4.16,4.16,0,1,27.48,7.06,8.36,1,5.48,6.76,1.71,-0.64,110.52,1
59,2004,6,1.34,1.34,0,1,26.91,6.69,11.64,1,2.85,3.6,-0.38,0.33,-49.03,6
60,2004,7,3.91,3.91,0,1,27.59,7.94,12.04,1,4.47,5.55,2.05,-0.94,114.63,6
61,2004,8,2.76,2.76,0,1,26.93,7.8,12.88,1,3.35,4.22,0.65,-0.53,129.19,8
62,2004,9,3.76,3.76,0,0.29,27.42,7.99,19.19,0.29,5.95,7.21,0.08,0.3,14.93,4
63,2004,10,0.88,0.88,0,0,27.98,8.11,23.27,0,5.15,6.29,-0.3,0.97,-17.19,3
64,2004,11,1.81,1.81,0,0,28.36,8.59,20.53,0,4.8,5.95,1.42,-1.29,132.25,4
65,2004,12,5.29,5.29,0,0,27.92,8.66,19.65,0,5.65,6.92,3.1,-1.95,122.17,6
66,2004,13,0.36,0.36,0,0,27.88,9.55,33.76,0,3.69,4.52,-0.35,0.16,-65.43,6
67,2004,14,0.14,0.14,0,0,27.93,10.46,41.34,0,3.72,4.43,-1.89,1.02,-61.65,1
68,2004,15,2.77,2.77,0,0,27.88,11.01,34.3,0,3.77,4.58,1.67,-1.33,128.53,2
69,2004,16,1.7,1.7,0,0,27.66,10.88,41.72,0,5.85,7.09,1.43,-1.48,135.98,4
70,2004,17,0.36,0.36,0,0,27.4,13.09,45.54,0,4.01,4.86,-2.3,1.95,-49.71,4
71,2004,18,0.79,0.79,0,0,27.91,12.88,40.15,0,3.57,4.37,0.48,-0.65,143.56,3
72,2004,19,0.25,0.25,0,0,27.6,13.49,54.19,0,4.14,5,-0.56,0.51,-47.68,4
73,2004,20,1.37,1.37,0,0,27.9,15.53,52.5,0,4.61,5.56,0.27,0.3,41.99,2
74,2004,21,2.48,2.48,0,0,27.89,14.86,39.4,0,4.38,5.39,0.68,-0.37,118.55,3
75,2004,22,1.1,1.1,0,0,26.64,15.24,48.3,0,4.96,6.01,0.82,-0.94,138.9,3
76,2004,23,2.23,2.23,0,0,25.43,15.46,48.16,0,5.44,6.54,0.45,0.03,86.19,3
77,2004,24,0.2,0.2,0,0,25.19,17.4,58.02,0,4.44,5.4,-1.45,0.42,-73.85,2
78,2004,25,0,0,0,0,24.88,17.84,55.85,0,3.8,4.53,1.86,-1.83,134.53,1
79,2004,26,0.38,0.38,0,0,25.22,17.95,58.02,0,4.86,5.82,-0.84,0.5,-59.24,3
80,2004,27,1.98,1.98,0,0,26.85,16.92,46.85,0,4.59,5.58,-0.44,0.92,-25.56,2
81,2004,28,0.03,0.03,0,0,26.33,19.01,52.31,0,3.65,4.4,-0.34,-0.06,-100.01,2
82,2004,29,0.36,0.36,0,0,25.84,18.45,54.42,0,5.21,6.22,-0.46,0.22,-64.44,1
83,2004,30,0,0,0,0,26.21,19.95,56.44,0,6.67,7.86,-4.17,3.94,-46.62,1
84,2004,31,3.76,3.76,0,0,27.01,17.8,43.11,0,4.11,4.94,0,0.2,0,2
85,2004,32,0,0,0,0,26.59,20.11,52.06,0,3.72,4.42,-2.22,1.71,-52.39,0
86,2004,33,2.88,2.88,0,0,26.71,19.21,42.01,0,3.86,4.63,0.08,-0.17,154.8,0
87,2004,34,3.88,3.88,0,0,27.62,17.83,27.8,0,4.51,5.44,2.1,-1.88,131.84,0
88,2004,35,1.06,1.06,0,0,26.6,15.93,30.59,0,4.6,5.59,0.77,-0.63,129.29,1
89,2004,36,4.89,4.89,0,0,26.31,16.44,29.52,0,4.79,5.82,0.93,-0.65,124.95,1
90,2004,37,10.25,10.25,0,0,27.65,14.31,22.93,0,5.01,6.13,1.13,-0.69,121.41,3
91,2004,38,0.77,0.77,0,0,26.17,14.5,24.4,0,3.89,4.74,0.54,-0.23,113.07,1
92,2004,39,0,0,0,0,25.98,14.87,30.82,0,5.21,6.19,-3.66,2.81,-52.48,1
93,2004,40,4.57,4.57,0,0,27.98,13.27,14,0,5.25,6.38,3.25,-2.55,128.12,1
94,2004,41,1.37,1.37,0,0,25.35,13.61,16.07,0,4.22,5.09,0.06,0.26,12.99,2
95,2004,42,6.5,6.5,0,0,27.15,12.07,13.66,0,5.41,6.58,-0.79,1.14,-34.72,0
96,2004,43,6.54,6.54,0,0,27.86,11.1,12.12,0,6.21,7.61,1.29,0.02,89.11,0
97,2004,44,9.62,9.62,0,0,27.58,10.41,8.1,0,6.6,8.09,2.67,-0.96,109.78,1
98,2004,45,3.2,3.2,0,0,27.33,10.21,6.29,0,3.88,4.84,1.17,-1.07,132.44,3
99,2004,46,8.03,8.03,0,0,27.5,9.77,6.83,0,7.66,9.48,3.33,-2.17,123.09,3
100,2004,47,3.67,3.67,0,0,27.31,9.2,4.11,0,4.82,5.87,0.97,0.69,54.57,8
101,2004,48,5.51,5.51,0,0,28,8.81,2.62,0,5.15,6.39,2.99,-0.6,101.35,3
102,2004,49,10.31,10.31,0,0,27.69,8.35,4.23,0,7.02,8.65,2.28,-0.78,108.89,5
103,2004,50,4.89,4.89,0,0,26.22,8.46,2.83,0,3.8,4.72,1.41,-0.54,110.96,4
104,2004,51,3.92,3.92,0,0,27.06,8.32,4.92,0,4.66,5.72,1.09,0.11,84.24,9
105,2004,52,4.03,4.28,0.26,0,26.93,8.03,3.81,0,3.84,4.78,-1.17,1.6,-36.18,7
106,2004,53,0.04,1.62,1.58,0.67,28.37,6.72,5.55,0.67,NA,NA,NA,NA,NA,NA
107,2005,1,0.29,4.47,4.18,0,27.56,6.99,5.49,0,3.75,4.96,-1.67,1.53,-47.51,13
108,2005,2,0.23,1.87,1.64,0,27.8,6.41,8.06,0,4.89,6.4,-1.78,1.89,-43.28,6
109,2005,3,22.03,22.03,0,0,27.15,7.7,2,0,6.69,8.08,5.19,-2.9,119.2,15
110,2005,4,2.61,2.61,0,0,24.11,8.25,4.17,0,4.25,5.23,2.33,-1.72,126.43,13
111,2005,5,4.34,4.34,0,0,24.74,8.07,6.91,0,6.57,7.98,3.11,-2.24,125.76,9
112,2005,6,1.8,1.87,0.07,0,23.73,7.49,14.48,0,4.24,5.24,0.87,-0.02,91.32,8
113,2005,7,0.17,0.17,0,0,25.56,7.01,20.01,0,4.21,5.17,-2.78,2.37,-49.55,7
114,2005,8,0.02,0.02,0,0,26.28,7.58,21.6,0,2.64,3.23,-1.32,0.89,-56.01,12
115,2005,9,1.93,1.93,0,0,27.52,7.91,15.48,0,5.07,6.21,3.04,-2.36,127.82,14
116,2005,10,1.84,1.84,0,0,27.94,9.14,20.83,0,3.69,4.54,-0.04,-0.03,-126.87,5
117,2005,11,4.79,4.96,0.16,0,27.75,9.04,26.96,0,4.42,5.39,1.38,-0.47,108.81,8
118,2005,12,5.72,5.72,0,0,27.67,8.91,25.57,0,5.75,7.07,1.43,-1.14,128.56,6
119,2005,13,5.98,5.98,0,0,27.27,8.97,23.27,0,7.15,8.76,3.19,-2.63,129.5,6
120,2005,14,4.43,4.43,0,0,26.66,9.2,28.06,0,6.82,8.48,2.81,-1.93,124.48,3
121,2005,15,8.29,8.29,0,0,28.24,9,22.61,0,8,9.92,5.5,-3.84,124.92,2
122,2005,16,0.51,0.51,0,0,28.47,11.13,46.14,0,3.79,4.58,-0.45,0.17,-69.3,2
123,2005,17,0.28,0.28,0,0,27.16,12.78,45.93,0,3.37,4.1,0.7,-0.8,138.81,3
124,2005,18,1.15,1.15,0,0,28.01,12.76,43.09,0,3.71,4.43,-0.63,0.3,-64.54,0
125,2005,19,1.88,1.88,0,0,28.12,12.92,37.49,0,4.56,5.44,1.69,-1.39,129.44,0
126,2005,20,7.01,7.01,0,0,28.44,12.03,36.69,0,6.25,7.58,3.88,-3.41,131.31,0
127,2005,21,1.77,1.77,0,0,26.08,13.7,54.27,0,4.91,5.89,-0.52,-0.26,-116.57,0
128,2005,22,1.45,1.45,0,0,25.26,15.58,48.98,0,4.83,5.83,0.78,-0.15,100.89,1
129,2005,23,2.94,2.94,0,0,26.14,14.76,34.09,0,3.6,4.41,1.09,-0.77,125.24,2
130,2005,24,2.94,2.94,0,0,22.21,15.25,39.7,0,4.49,5.47,0.19,-0.62,162.96,1
131,2005,25,1.17,1.17,0,0,24.69,18.04,55.89,0,3.85,4.71,-1.38,1.19,-49.23,0
132,2005,26,1.45,1.45,0,0,25.65,16.87,48.41,0,4.61,5.52,1.49,-1.05,125.17,0
133,2005,27,3.09,3.09,0,0,26.31,15.61,31.64,0,5.54,6.67,3.57,-2.88,128.89,1
134,2005,28,1.47,1.47,0,0,25.28,16.44,44.87,0,4.35,5.21,-0.19,0.38,-26.57,0
135,2005,29,0,0,0,0,24.87,18.94,58.7,0,5.09,6.06,-2.87,2.28,-51.54,0
136,2005,30,0.03,0.03,0,0,25.32,18.23,50.64,0,4.89,5.79,-2.6,1.8,-55.3,0
137,2005,31,0.2,0.2,0,0,26.48,18.76,51.1,0,5.02,6,-2.19,1.32,-58.92,1
138,2005,32,0,0,0,0,26.59,18.88,52.55,0,3.81,4.55,-1.11,0.7,-57.76,0
139,2005,33,2.97,2.97,0,0,26.99,19.8,41.46,0,3.33,4.02,-0.62,0.54,-48.95,0
140,2005,34,0.22,0.22,0,0,26.91,18.48,41.7,0,4.29,5.18,-1.34,1.06,-51.65,0
141,2005,35,1.18,1.18,0,0,27.67,16.31,30.73,0,3.71,4.53,0.66,-0.09,97.77,1
142,2005,36,0.66,0.66,0,0,26.67,16.51,38.44,0,4.12,5.08,-2.04,2,-45.57,0
143,2005,37,0.81,0.81,0,0,27.94,16.41,31.69,0,2.75,3.32,-0.58,0.21,-70.1,0
144,2005,38,0.17,0.17,0,0,28.27,15.09,33.28,0,4.98,5.95,-2.21,1.5,-55.83,1
145,2005,39,2.69,2.69,0,0,28.08,14.13,23.22,0,4.45,5.46,0.28,-0.03,96.12,1
146,2005,40,2.75,2.75,0,0,29.2,11.67,15.25,0,4.94,5.99,3.24,-1.73,118.1,1
147,2005,41,7.3,7.3,0,0,29.8,11.29,12.98,0,5.65,6.89,4.03,-2.14,117.97,1
148,2005,42,4.45,4.45,0,0,27.68,11.54,7.91,0,3.89,4.72,0.8,0.07,85,0
149,2005,43,5.11,5.11,0,0,28.86,11.15,10.88,0,6.16,7.5,3.59,-3.09,130.72,0
150,2005,44,10.18,10.18,0,0,28.35,10.16,5.87,0,6.82,8.37,4.63,-3.11,123.89,0
151,2005,45,5.19,5.19,0,0,28.05,9.94,6.79,0,7.04,8.72,3.96,-2.92,126.4,2
152,2005,46,1.47,1.47,0,0,26.95,9.26,7.22,0,4.42,5.47,0.17,0.81,11.85,1
153,2005,47,1.5,1.54,0.04,0,26.86,8.81,5.83,0,4,5.2,-0.72,0.34,-64.72,2
154,2005,48,1.04,1.73,0.69,0,27.74,8.13,6.16,0,4.38,5.62,1.29,0.67,62.55,3
155,2005,49,0.35,0.35,0,0,27.68,7.71,3.34,0,2.95,3.79,0.77,-0.07,95.19,1
156,2005,50,0.16,0.16,0,0,27.6,7.6,6.62,0,2.75,3.57,-0.73,1.4,-27.54,5
157,2005,51,17.35,17.39,0.04,0,27.52,8.22,2.69,0,6.66,8.22,4.8,-2.67,119.08,4
158,2005,52,9.84,9.87,0.03,0,27.7,9.14,3.39,0,8.1,9.89,5.27,-3.02,119.82,3
159,2006,1,11.1,11.1,0,0,27.09,8.48,3.26,0,7.81,9.63,5.77,-3.34,120.06,4
160,2006,2,13.45,13.45,0,0,26.79,8.41,3.89,0,6.9,8.48,4.67,-2.31,116.32,4
161,2006,3,7.94,7.94,0,0,26.18,7.96,5.86,0,5.92,7.3,2.95,-1.36,114.75,5
162,2006,4,4.95,4.95,0,0,27.09,8.31,5.81,0,6.59,8.05,4.43,-3.28,126.52,8
163,2006,5,16.67,16.67,0,0,27.01,8.14,4.84,0,7.1,8.85,4.61,-3.07,123.66,5
164,2006,6,0.31,0.31,0,0,25.41,7.73,12.88,0,3.62,4.47,-0.84,0.92,-42.4,5
165,2006,7,0.56,0.56,0,0,26.96,7.35,17.9,0,5.19,6.43,-2,2.87,-34.87,2
166,2006,8,0.93,1.32,0.39,0,27.19,6.72,14.19,0,3.74,4.77,-1.38,1.2,-48.99,5
167,2006,9,4.8,4.85,0.06,0,27.31,7.22,12.8,0,6.07,7.52,2.24,-0.2,95.1,7
168,2006,10,5.81,6.14,0.33,0,27.73,7.68,17.47,0,5.94,7.43,2.05,-1.28,121.98,3
169,2006,11,2.04,2.04,0,0,27.61,7.96,21.29,0,6.51,7.93,1.87,-0.7,110.52,10
170,2006,12,5.74,5.74,0,0,27.79,7.97,22.16,0,5.82,7.16,2.33,-1.81,127.84,7
171,2006,13,2.89,2.89,0,0,28.07,8.74,24.74,0,4.32,5.21,0.88,-0.68,127.69,8
172,2006,14,0.78,0.78,0,0,27.87,9.08,28.42,0,4.04,4.88,-0.44,-0.02,-92.6,11
173,2006,15,4.11,4.11,0,0,27.78,9.52,25.71,0,5.14,6.32,2.16,-1.43,123.51,6
174,2006,16,2.37,2.37,0,0,27.45,8.94,31.08,0,6.5,7.86,1.49,-1.36,132.39,15
175,2006,17,0.71,0.71,0,0,27.26,10.23,36.09,0,4.26,5.09,-0.4,0.33,-50.48,15
176,2006,18,0.51,0.51,0,0,27.36,10.23,49.03,0,4.71,5.7,-2.63,2.1,-51.39,9
177,2006,19,0.21,0.21,0,0,28.24,12.03,49.6,0,4.58,5.61,-1.64,1.09,-56.39,11
178,2006,20,0,0,0,0,27.44,13.62,53.24,0,3.8,4.5,-1.31,0.69,-62.22,5
179,2006,21,5.65,5.65,0,0,28.04,12.8,37.46,0,5.09,6.11,2.79,-2.76,134.69,13
180,2006,22,1.67,1.67,0,0,27.18,12.88,42.3,0,4.6,5.54,2.64,-2.64,135,3
181,2006,23,2.4,2.4,0,0,25.22,16.12,50.89,0,3.54,4.27,-0.01,0.39,-1.47,5
182,2006,24,0.72,0.72,0,0,25.46,15.61,44.4,0,4.56,5.44,2.97,-2.49,129.98,4
183,2006,25,0.05,0.05,0,0,23.37,17.41,58.14,0,3.62,4.44,-1.66,1.11,-56.23,3
184,2006,26,0,0,0,0,23.88,18.12,62.4,0,5.37,6.31,-3.35,2.5,-53.27,6
185,2006,27,0.12,0.12,0,0,26.91,17.14,49.91,0,4.22,5.02,1.74,-1.38,128.42,3
186,2006,28,1.73,1.73,0,0,25.51,16.31,43.14,0,5.51,6.59,1.34,-1.64,140.75,0
187,2006,29,0,0,0,0,24.5,18.76,54.78,0,3.35,3.95,-1.21,0.47,-68.77,4
188,2006,30,0.19,0.19,0,0,26.4,19.85,54.22,0,5.89,6.95,-2.17,2.54,-40.51,3
189,2006,31,0.2,0.2,0,0,27.01,17.91,51.58,0,4.04,4.87,-1.68,1.53,-47.68,2
190,2006,32,0.59,0.59,0,0,27.27,18.02,45.03,0,3.82,4.61,-0.64,0.6,-46.85,5
191,2006,33,0,0,0,0,27.32,18.52,50.29,0,5.12,6.03,-2.75,2.43,-48.54,2
192,2006,34,0,0,0,0,27.8,18.02,46,0,3.85,4.53,-1.73,0.89,-62.78,5
193,2006,35,0.64,0.64,0,0,28.03,17.37,41.36,0,4.06,4.85,-2.49,1.55,-58.1,2
194,2006,36,1.18,1.18,0,0,28.12,17.99,39,0,3.56,4.2,-1.8,0.98,-61.43,2
195,2006,37,0.44,0.44,0,0,28.16,15.95,31.68,0,4.2,5.04,-0.78,0.52,-56.31,6
196,2006,38,4.66,4.66,0,0,28.46,13.88,24.38,0,6.46,7.8,3.58,-1.59,113.95,3
197,2006,39,0,0,0,0,28.65,14.32,30.39,0,3.12,3.73,-2.27,1.32,-59.82,1
198,2006,40,0.95,0.95,0,0,28.17,14.25,25.75,0,5.07,6,-3.84,2.63,-55.59,4
199,2006,41,1.05,1.05,0,0,28.55,12.98,23.25,0,2.92,3.52,-1.39,0.99,-54.54,3
200,2006,42,3.05,3.05,0,0,28.79,11.82,15.47,0,4.44,5.4,0.46,0.29,57.77,2
201,2006,43,2.26,2.26,0,0,28.89,10.91,9.55,0,5.47,6.73,1.56,-0.14,95.13,5
202,2006,44,10.12,10.12,0,0,28.4,10.28,11.17,0,4.92,6.2,-0.15,1.29,-6.63,2
203,2006,45,10.48,10.48,0,0,27.5,10.14,7.89,0,5.29,6.62,2.24,-1.91,130.45,6
204,2006,46,16.47,16.47,0,0,27.98,8.93,3.83,0,8.74,10.76,4.89,-3.58,126.21,5
205,2006,47,10.01,11.08,1.06,0,27.47,8.59,4.21,0,6.88,8.57,2.83,-2.69,133.55,4
206,2006,48,0.26,4.95,4.7,0,27.72,6.88,4.82,0,5.58,7.18,0.83,0.88,43.33,6
207,2006,49,3.09,3.09,0,0,28.11,7.87,2.86,0,3.85,4.85,2.66,-1.22,114.64,8
208,2006,50,15.7,16.42,0.72,0,27.79,8.18,3.46,0,7.85,9.73,4.39,-2.38,118.46,7
209,2006,51,8.9,8.98,0.08,0,27.73,7.77,2.67,0,7.98,9.85,5.86,-3.23,118.86,15
210,2006,52,5.5,5.5,0,0,28.01,7.57,3.97,0,7.25,8.86,1.94,-0.85,113.66,10
211,2007,1,12.96,12.96,0,0,27.39,7.61,4.61,0,6.88,8.56,2.56,-1.19,114.93,21
212,2007,2,4.55,5.65,1.1,0,26.01,6.53,5.32,0,6.86,8.71,0.9,0.28,72.72,7
213,2007,3,4.67,4.89,0.22,0,27.26,6.67,4.28,0,5.42,6.73,3.87,-1.53,111.57,8
214,2007,4,3.76,3.76,0,0,27.22,7.03,6.45,0,6.27,7.6,3.23,-0.78,103.58,12
215,2007,5,1.12,1.12,0,0.43,26.42,6.33,9.23,0.43,2.64,3.67,-1.06,0.9,-49.67,9
216,2007,6,4.45,4.45,0,1,27.18,7.1,5.91,1,3.11,3.83,1.38,-0.26,100.67,9
217,2007,7,4.45,4.45,0,1,27.47,7.69,8.78,1,5.72,6.97,4.13,-1.61,111.3,18
218,2007,8,3.83,4.01,0.18,1,28.02,7.62,10.61,1,6.51,8.1,4.06,-2.97,126.19,11
219,2007,9,2.56,3.02,0.46,0.57,27.35,7.55,13.06,0.57,6.27,7.72,3.13,-0.41,97.46,8
220,2007,10,7.64,7.64,0,0,27.45,7.7,11.12,0,6.73,8.2,4.81,-3.11,122.89,14
221,2007,11,5.92,5.92,0,0,27.6,7.84,15.45,0,6.45,7.86,3.3,-1.65,116.57,1
222,2007,12,4.19,4.19,0,0,27.58,8.18,16.35,0,7.44,9.02,4.62,-1.66,109.76,6
223,2007,13,0.13,0.13,0,0,26.51,8.27,27.3,0,5.92,7.15,-0.28,0.63,-23.96,9
224,2007,14,0.87,0.87,0,1,27.14,8.82,24.82,1,3.36,4.22,-1.33,1.12,-49.9,4
225,2007,15,5.62,5.62,0,1,27.41,8.79,23.88,1,5.7,7.06,3.08,-1.48,115.67,6
226,2007,16,2.72,2.72,0,1,27.63,9.15,35.01,1,4,4.94,1.22,-0.25,101.58,11
227,2007,17,2.86,2.86,0,1,27.13,9.87,32.28,1,5.87,7.11,3.68,-1.9,117.31,2
228,2007,18,1.71,1.71,0,0.29,26.92,10.94,40.73,0.29,4.99,6.05,1.22,-0.71,120.2,4
229,2007,19,0.32,0.32,0,0,27.08,11.26,43.75,0,5.78,6.84,-0.53,0.83,-32.56,3
230,2007,20,1.56,1.56,0,0,26.81,12.91,44.97,0,3.84,4.63,1.19,-1.39,139.43,6
231,2007,21,0.7,0.7,0,0,26.58,12.85,45.13,0,3.54,4.3,1.2,-1.47,140.77,2
232,2007,22,0,0,0,0,24.71,16.12,58.49,0,3.14,3.86,-1.51,1.07,-54.68,5
233,2007,23,3.69,3.69,0,0,25.19,15.61,38.07,0,4.47,5.51,0.82,-0.93,138.6,3
234,2007,24,1.94,1.94,0,0,24.15,14.18,46.04,0,4.85,5.86,2.7,-1.87,124.71,1
235,2007,25,1.32,1.32,0,0,24.37,14.35,47.71,0,5.42,6.47,2.87,-2.78,134.09,2
236,2007,26,2.37,2.37,0,0,23.83,15.68,40.17,0,3.97,4.91,2.24,-1.8,128.78,1
237,2007,27,0.38,0.38,0,0,21.56,16.94,51.9,0,4.21,5.05,-1.14,0.84,-53.62,0
238,2007,28,0.15,0.15,0,0,23.66,18.77,52.88,0,4.82,5.71,-1.29,0.6,-65.06,2
239,2007,29,5.05,5.05,0,0,25.43,16.52,30.97,0,4.72,5.69,2.53,-2.05,129.02,2
240,2007,30,0.56,0.56,0,0,24.58,16.03,45.99,0,5.07,6.09,1.71,-1.33,127.87,1
241,2007,31,0,0,0,0,22.49,18.08,52.2,0,4.47,5.39,-2.02,1.52,-53.04,0
242,2007,32,1.02,1.02,0,0,23.97,18.07,41.47,0,4.22,5.06,-0.14,0.04,-74.05,1
243,2007,33,1.9,1.9,0,0,25.58,17.23,38.63,0,3.8,4.61,-0.26,0,-90,0
244,2007,34,0.83,0.83,0,0,25.19,17.58,39.82,0,3.66,4.48,-0.13,0.25,-27.47,1
245,2007,35,0.77,0.77,0,0,25.48,18.05,36.81,0,3.54,4.34,-1.16,0.8,-55.41,1
246,2007,36,2.66,2.66,0,0,25.8,17.82,31.71,0,4.86,5.85,-2.46,2.04,-50.33,0
247,2007,37,0.12,0.12,0,0,26.47,17.08,38.81,0,3.61,4.32,-1.57,0.88,-60.73,1
248,2007,38,1.58,1.58,0,0,27.19,14.76,26.3,0,4.71,5.77,-1.42,1.07,-53,0
249,2007,39,7,7,0,0,27.16,13.69,22.08,0,5.59,6.75,1.57,-0.72,114.64,0
250,2007,40,8.75,8.75,0,0,27.23,11.75,15.16,0,5.73,7.05,3.2,-1.04,108,1
251,2007,41,5.19,5.19,0,0,27.02,11.44,18.62,0,4.97,6.12,1.3,-0.71,118.64,2
252,2007,42,7.86,7.86,0,0,27.43,10.67,9.3,0,6.32,7.74,4.85,-2.68,118.92,2
253,2007,43,1.74,1.74,0,0,27.44,10.73,13.46,0,6.35,7.71,1.93,-0.22,96.5,0
254,2007,44,1.17,1.17,0,0,26.87,9.91,9.29,0,5.1,6.25,1.9,-0.31,99.27,3
255,2007,45,6.44,6.44,0,0,27.54,10.15,8.67,0,5.16,6.33,2.54,-1.45,119.72,1
256,2007,46,11.95,11.95,0,0,27.1,9.77,6.4,0,7.49,9.33,4.97,-3.16,122.45,1
257,2007,47,1.02,1.02,0,0,26.75,8.74,9.38,0,3.29,4.22,-0.28,1,-15.64,3
258,2007,48,4.18,6.43,2.26,0,27.09,8.42,5.69,0,4.92,6.13,0.64,1.16,28.89,2
259,2007,49,9.29,10.51,1.22,0,26.61,8.24,6.42,0,5.86,7.25,1.15,0.32,74.45,4
260,2007,50,3.94,4.02,0.07,0,26.95,7.27,3.09,0,5.19,6.42,3.65,-1.16,107.63,10
261,2007,51,8.92,8.97,0.05,0,27.57,7.82,3.78,0,8.55,10.57,4.67,-2.25,115.72,13
262,2007,52,4.85,4.91,0.06,0,27.89,7.67,3.35,0,6.57,8.17,3.24,-0.6,100.49,6
263,2008,1,12.62,12.71,0.09,0,27.85,7.86,1.83,0,10.36,12.9,8.65,-5.09,120.47,11
264,2008,2,8.84,9.48,0.64,0,28.34,7.64,3.8,0,8.13,9.98,6.61,-2.89,113.62,6
265,2008,3,4.14,4.25,0.11,0,28.37,7.43,4.11,0,5.84,7.31,2.51,-0.09,92.05,9
266,2008,4,0.14,0.29,0.14,0,27.91,6.66,9.95,0,3.94,4.99,-0.08,0.43,-10.54,13
267,2008,5,1.42,2.23,0.81,0,28.58,6.92,9.41,0,4.98,6.25,2.53,-0.55,102.26,12
268,2008,6,4.8,4.98,0.18,0,28.5,7.03,7.42,0,5.98,7.4,1.22,0.02,89.06,15
269,2008,7,1.92,1.92,0,0,28.79,7.23,10.51,0,5.43,6.6,2.1,-0.14,93.81,11
270,2008,8,0.31,0.31,0,0,28.59,7.48,16.86,0,3.01,3.85,0.12,0.1,50.19,12
271,2008,9,1.08,1.08,0,0,28.13,7.7,16.62,0,4.16,5.08,1.27,-0.86,124.1,9
272,2008,10,1.76,1.76,0,0,28.48,8.15,18.34,0,4.43,5.45,0.75,0.11,81.66,7
273,2008,11,3.87,3.87,0,0,27.76,8.17,18.23,0,4.73,5.83,1.59,-0.99,121.91,5
274,2008,12,2.47,2.47,0,0,28.03,8.09,20.05,0,6.25,7.64,3.41,-1.89,119,5
275,2008,13,2.81,3.46,0.65,0,28.7,8.28,21.8,0,6.03,7.48,2.65,-2.52,133.56,6
276,2008,14,1.61,1.61,0,0,27.87,8.46,32.62,0,4.25,5.22,-0.68,0.35,-62.76,10
277,2008,15,1.92,1.92,0,0,28.06,8.63,30.94,0,4.8,5.89,3.07,-1.49,115.89,6
278,2008,16,0.57,1.51,0.94,0,28.02,9.41,36.57,0,4.97,6.18,-2.6,2.03,-52.02,9
279,2008,17,0.84,0.84,0,0,28.01,8.93,43.32,0,3.66,4.6,-0.15,-0.15,-135,6
280,2008,18,2.44,2.44,0,0,28.43,9.71,34.06,0,4.7,5.76,1.18,-0.89,127.02,1
281,2008,19,0.19,0.19,0,0,28.48,11.22,47.42,0,4.58,5.55,-0.68,1.01,-33.95,3
282,2008,20,1.92,1.92,0,0,28.83,12.43,40.56,0,4.1,4.96,0.35,-0.16,114.57,1
283,2008,21,0.43,0.43,0,0,29.31,12.83,45.96,0,5.63,6.78,-1.33,0.98,-53.62,1
284,2008,22,1.17,1.17,0,0,28.84,14.66,45.94,0,3.33,4.04,0.7,-0.86,140.86,1
285,2008,23,3.04,3.04,0,0,26.21,14.96,42.08,0,5.2,6.27,1.9,-1.64,130.8,1
286,2008,24,3.2,3.2,0,0,25.09,15.2,44.25,0,5.32,6.43,0.22,0.22,45,3
287,2008,25,0.35,0.35,0,0,24.1,16.51,47.27,0,4.07,4.97,0.18,-0.03,99.46,2
288,2008,26,0.09,0.09,0,0,25.54,16.77,55.9,0,4.12,4.99,0.43,-0.27,122.12,0
289,2008,27,0.32,0.32,0,0,24.23,17.44,50.56,0,4.69,5.64,1.49,-1.82,140.69,3
290,2008,28,0,0,0,0,20.84,17.06,58.52,0,4.48,5.4,-2.5,1.53,-58.53,0
291,2008,29,0,0,0,0,23.22,18.76,56.46,0,4.11,4.97,-2.36,1.8,-52.67,0
292,2008,30,0.56,0.56,0,0,25.5,17.84,52.75,0,4.14,4.96,0.57,-0.89,147.36,1
293,2008,31,2.97,2.97,0,0,25.91,16.26,35.18,0,5.14,6.24,1.26,-1.06,130.07,3
294,2008,32,0.24,0.24,0,0,23.72,17.39,50.24,0,5.43,6.4,-0.72,-0.55,-127.38,0
295,2008,33,0.07,0.07,0,0,26.3,17.94,42.97,0,4.1,4.88,-1.46,0.41,-74.31,1
296,2008,34,3.69,3.69,0,0,27.67,15.96,31.74,0,5.31,6.29,3.34,-2.48,126.59,0
297,2008,35,2.96,2.96,0,0,27.13,14.36,29.86,0,5.93,7.18,1.46,-0.43,106.41,0
298,2008,36,0.06,0.06,0,0,25.47,15.96,40.41,0,3.98,4.8,-0.95,0.4,-67.17,1
299,2008,37,0,0,0,0,27.05,16.68,39.64,0,5.54,6.61,-4.21,3.05,-54.08,2
300,2008,38,0.24,0.24,0,0,27.28,15.44,29.8,0,3.32,4.01,-1.03,0.31,-73.25,0
301,2008,39,3.08,3.08,0,0,27.74,14.37,22.18,0,5.08,6.18,1.43,-0.51,109.63,0
302,2008,40,6.47,6.47,0,0,27.42,12.91,19.87,0,3.93,4.77,1.31,-0.64,116.04,0
303,2008,41,1.51,1.51,0,0,28.02,11.54,16.26,0,5.09,6.3,-0.84,0.64,-52.7,1
304,2008,42,4.55,4.55,0,0,27.81,11.15,12.78,0,5.73,6.99,0.87,0.08,84.75,0
305,2008,43,1.16,1.16,0,0,27.64,10.68,13.74,0,4.87,5.92,0.34,0.1,73.61,1
306,2008,44,4.45,4.45,0,0,28.7,10.56,9.31,0,4.63,5.64,1.02,-0.67,123.3,1
307,2008,45,11.11,11.11,0,0,28.81,10.19,7.17,0,6.73,8.2,3.24,-1.54,115.42,3
308,2008,46,3.15,3.15,0,0,27.08,9.95,6.68,0,6.26,7.71,2.71,-1.24,114.59,2
309,2008,47,2.6,2.6,0,0,28.07,9.42,6.56,0,4.74,5.9,0.95,-0.59,121.84,3
310,2008,48,2.63,2.63,0,0,28.43,9.2,5.48,0,5.01,6.13,3.12,-1.41,114.32,5
311,2008,49,1.39,1.39,0,0,26.53,8.93,3.84,0,3.18,3.97,0.52,-0.12,102.99,3
312,2008,50,5.08,7.01,1.92,0,27.36,8.73,4.14,0,5.83,7.15,0.51,0.76,33.86,1
313,2008,51,0,3.86,3.86,0,27.09,6.99,5.91,0,5.46,7.45,-0.22,0.72,-16.99,5
314,2008,52,1.05,4.48,3.43,0,27.99,7.13,3.24,0,6.83,8.49,2.98,-0.67,102.67,2
315,2008,53,6.3,6.99,0.69,0,28.17,7.62,3.65,0,7.35,9.11,3.07,-2.76,131.96,10
316,2009,1,8.04,8.77,0.72,0,28.07,7.53,2.4,0,8.01,9.74,5.34,-1.57,106.38,14
317,2009,2,0.53,0.53,0,0,27.69,7.38,4.77,0,2.61,3.53,-0.73,0.98,-36.68,4
318,2009,3,0.02,0.04,0.02,0,27.01,6.2,8.15,0,2.13,3.18,-1.27,1.24,-45.68,8
319,2009,4,0.67,0.87,0.2,0,27.87,6.89,9.43,0,5.11,6.39,1.66,-0.36,102.24,10
320,2009,5,1.37,1.39,0.02,0,28.07,7.05,8.8,0,4.76,5.88,1.41,-0.33,103.17,15
321,2009,6,1.33,2,0.67,0,28.01,7.05,13.07,0,4.69,5.79,0.09,0.1,41.99,15
322,2009,7,0.88,0.88,0,0,28.55,7.43,19.44,0,3.28,3.98,-2.41,1.7,-54.8,12
323,2009,8,3.57,4.18,0.61,0,28.21,7.14,12.83,0,4.34,5.47,0.58,-0.24,112.48,12
324,2009,9,4.08,4.17,0.09,0,27.23,7.22,18.21,0,5.24,6.56,0.28,-0.08,105.95,10
325,2009,10,0.6,1.12,0.52,0,28.42,7.13,25.15,0,4.91,6.29,0.52,0.42,51.07,6
326,2009,11,5.97,6.08,0.12,0,28.24,7.64,18.43,0,8.72,10.68,5.13,-5.33,136.1,5
327,2009,12,1.18,1.18,0,0,28.27,7.75,23.72,0,5.36,6.54,0.26,0.29,41.88,8
328,2009,13,3.13,3.27,0.14,0,28.53,7.81,30,0,7.29,8.89,-1.18,1.89,-31.98,3
329,2009,14,0.7,0.7,0,0,28.65,9.15,34.92,0,4,4.84,0.71,-0.53,126.74,5
330,2009,15,1.48,1.48,0,0,28.22,8.99,37.79,0,5.81,7.05,0.89,-1.35,146.6,7
331,2009,16,0.08,0.08,0,0,28.64,9.93,38.12,0,5.12,6.22,-1.3,1.49,-41.1,2
332,2009,17,0.79,0.79,0,0,28.69,10.67,45.93,0,3.39,4.14,-1.14,0.79,-55.28,3
333,2009,18,4.87,4.87,0,0,28.4,10.26,36.63,0,5.41,6.62,2.54,-2.42,133.61,2
334,2009,19,3.22,3.22,0,0,27.31,11.34,41.58,0,4.27,5.24,0.59,-0.47,128.54,2
335,2009,20,0.99,0.99,0,0,26.06,13.68,49.45,0,4.32,5.27,-2.53,1.42,-60.7,1
336,2009,21,0.25,0.25,0,0,27.64,14.74,53.34,0,4.25,5.14,-0.77,0.86,-41.84,3
337,2009,22,0,0,0,0,26.29,17.57,59.87,0,4.07,4.84,-0.91,0.31,-71.19,2
338,2009,23,0,0,0,0,27.67,16.22,60.86,0,3.26,3.9,0.64,-0.34,117.98,2
339,2009,24,0.67,0.67,0,0,25.17,16.99,48.15,0,4.73,5.65,1.45,-1.95,143.37,1
340,2009,25,2.58,2.58,0,0,24.69,16.3,43.56,0,5.94,7.18,0.54,-0.38,125.13,1
341,2009,26,0,0,0,0,25.4,16.86,61.89,0,6.47,7.64,-4.25,3.49,-50.61,2
342,2009,27,4.28,4.28,0,0,26.38,16.16,43.36,0,4.27,5.11,0.67,-0.5,126.73,4
343,2009,28,0,0,0,0,25.86,17.67,55.87,0,3.4,4.11,1.08,-0.97,131.93,1
344,2009,29,0.17,0.17,0,0,26.08,19.39,58.1,0,6,7.12,-4.25,3.02,-54.6,1
345,2009,30,0,0,0,0,26.84,21.76,56.49,0,NA,NA,NA,NA,NA,0
346,2009,31,0.03,0.03,0,0,26.86,19.8,47.91,0,5.27,6.26,2.91,-3.36,139.11,2
347,2009,32,2,2,0,0,27.26,15.2,38.18,0,4.85,5.88,0.85,-1.18,144.23,1
348,2009,33,0.04,0.04,0,0,26.4,18.21,45.27,0,5.13,6.16,-0.8,0.96,-39.81,1
349,2009,34,0.38,0.38,0,0,26.69,16.76,39.13,0,3.34,4.08,0.14,-0.03,102.09,1
350,2009,35,1.45,1.45,0,0,26.69,17.99,36.34,0,5.05,6.07,1.27,-1.12,131.41,0
351,2009,36,5.25,5.25,0,0,27.16,14.16,29.74,0,4.3,5.21,1.08,-1.34,141.13,0
352,2009,37,1.63,1.63,0,0,26.95,15.24,24.94,0,4.95,6,1.61,-1.33,129.56,1
353,2009,38,0,0,0,0,26.97,15.29,34.03,0,4.16,5.08,-2.52,1.97,-51.98,0
354,2009,39,2.11,2.11,0,0,27.29,13.92,23.73,0,5.49,6.66,-0.6,1.22,-26.19,0
355,2009,40,0.01,0.01,0,0,27.68,12.75,25.31,0,3.78,4.56,-1.92,1.65,-49.33,1
356,2009,41,10.14,10.14,0,0,28.08,11.53,12.22,0,4.77,5.93,2.72,-1.64,121.09,0
357,2009,42,3.58,3.58,0,0,27.84,11.22,12.47,0,5.12,6.17,0.76,-0.16,101.89,0
358,2009,43,8.61,8.61,0,0,27.78,10.47,8.74,0,6.98,8.52,2.31,-0.51,102.45,0
359,2009,44,7.31,7.31,0,0,27.59,9.96,8.59,0,5.51,6.75,2.74,-3.42,141.3,0
360,2009,45,7.63,7.63,0,0,27.03,9.41,7.44,0,7.37,9.11,2.85,-2.69,133.35,0
361,2009,46,29.53,29.53,0,0,26.71,8.98,2.4,0,9.78,12.08,5.52,-5.85,136.66,0
362,2009,47,7.29,7.29,0,0,26.6,8.92,4.24,0,7.29,8.83,3.33,-1.31,111.47,0
363,2009,48,0.74,0.74,0,0,26.24,8.44,8.34,0,5.64,6.99,-0.92,1.65,-29.14,2
364,2009,49,0.04,0.04,0,0,26.67,7.07,5.38,0,3.17,4.41,0.96,0.5,62.49,1
365,2009,50,7.63,8.93,1.3,0,26.91,7.66,2.72,0,6.08,7.49,2.95,-1.4,115.39,0
366,2009,51,3.16,3.18,0.02,0,25.13,6.79,5.02,0,3.65,4.71,-0.99,1.57,-32.23,0
367,2009,52,3.95,3.95,0,0,26.88,6.94,3.21,0,3.73,4.79,1.22,-0.14,96.55,4
368,2009,53,1,2.81,1.81,0,28.72,7.56,5.88,0,6.93,8.6,0.48,0.58,39.61,NA
369,2010,1,6.81,6.81,0,0,25.67,7.68,3.22,0,4.28,5.25,1.89,-1.48,128.06,6
370,2010,2,19.52,19.52,0,0,24.3,8.63,3.96,0,7.58,9.26,4.99,-3.17,122.43,4
371,2010,3,3.11,3.11,0,0,25.16,8.16,6.94,0,5.54,6.83,2.03,-1.32,123.03,4
372,2010,4,5.04,5.04,0,0,25.59,7.95,4.13,0,4.66,5.72,3.13,-2.04,123.09,4
373,2010,5,2.99,2.99,0,0,26,8.16,7.5,0,4.11,4.96,2.95,-1.36,114.75,8
374,2010,6,7.4,7.4,0,0,26.58,8.21,8.02,0,5.8,7.14,3.77,-2.69,125.51,7
375,2010,7,1.8,1.8,0,0,25.93,8.07,18.27,0,3.71,4.55,-0.14,0.28,-26.57,5
376,2010,8,5.94,5.94,0,0,26.45,8.07,12.56,0,4.42,5.46,2.51,-1.22,115.92,4
377,2010,9,0.44,0.44,0,0,26.63,8.48,19.66,0,3.87,4.71,1.44,-1.07,126.61,4
378,2010,10,5.04,5.12,0.08,0,26.88,8.27,17.75,0,8.04,9.97,1.87,-2.71,145.39,7
379,2010,11,3.01,3.01,0,0,27.07,8.35,19.43,0,5.91,7.21,1.64,-2.44,146.09,1
380,2010,12,1.68,1.68,0,0,26.74,8.89,22.93,0,4.03,5,1.74,-1.47,130.19,7
381,2010,13,9.98,9.98,0,0,27.42,8.74,19.58,0,7.83,9.65,4.26,-5.02,139.68,5
382,2010,14,4.19,4.19,0,0,26.9,8.72,28.85,0,6.84,8.41,2.35,-1.1,115.08,2
383,2010,15,0.82,0.82,0,0,26.91,10.04,36.68,0,3.99,4.79,-1.23,0.87,-54.73,5
384,2010,16,2.5,2.5,0,0,26.91,10.28,33.92,0,5.45,6.68,0.3,0.3,45,6
385,2010,17,2.41,2.41,0,0,27.19,10.43,36.88,0,4.92,6.01,0.91,-0.44,115.8,1
386,2010,18,1.75,1.75,0,0,26.6,10.86,45.39,0,4.95,6.04,-1.62,1.76,-42.63,6
387,2010,19,0,0,0,0,27.05,13.24,51.68,0,3.6,4.36,0.02,0.46,2.49,4
388,2010,20,2.49,2.49,0,0,27.07,12.18,38.01,0,5.2,6.33,1.34,-1.39,136.05,7
389,2010,21,4.93,4.93,0,0,26.04,12.39,29.6,0,4.62,5.52,1.38,-0.72,117.55,3
390,2010,22,4.36,4.36,0,0,25.94,12.28,40.97,0,4.98,6.03,2.79,-1.89,124.11,0
391,2010,23,1.87,1.87,0,0,24.07,15.3,44.02,0,3,3.7,-0.51,0.3,-59.53,0
392,2010,24,0.68,0.68,0,0,24.67,15.24,58.1,0,5.09,6.14,-1.55,1.95,-38.48,0
393,2010,25,0.09,0.09,0,0,25.99,15.67,51.03,0,4.09,4.88,1.72,-1.33,127.71,1
394,2010,26,0.56,0.56,0,0,25.43,14.77,48.63,0,4.38,5.41,0.8,-0.4,116.57,0
395,2010,27,0.01,0.01,0,0,24.53,18.65,55.57,0,5.34,6.39,-2.54,2.41,-46.5,1
396,2010,28,0,0,0,0,25.19,18.23,59.72,0,5.22,6.28,-1.86,2.81,-33.5,0
397,2010,29,0,0,0,0,25.14,19.13,58.85,0,5.5,6.6,-2.19,2.93,-36.78,1
398,2010,30,0,0,0,0,26.53,18.81,56.98,0,5.28,6.25,-2.48,2.46,-45.23,0
399,2010,31,2.09,2.09,0,0,26.69,19.5,48.15,0,3.94,4.73,0.76,-0.25,108.21,3
400,2010,32,0.1,0.1,0,0,25.02,18.4,50.37,0,4.19,5.07,-1.68,1.69,-44.83,0
401,2010,33,0.17,0.17,0,0,26.4,19.61,47.35,0,3.69,4.49,-0.26,0.89,-16.28,1
402,2010,34,0.26,0.26,0,0,26.46,18.37,43.56,0,4.28,5.17,-2.3,1.89,-50.59,1
403,2010,35,1.59,1.59,0,0,26.72,16.5,36.97,0,4.62,5.58,-0.28,0.32,-41.19,0
404,2010,36,3.21,3.21,0,0,26.76,15.2,27.3,0,4.41,5.34,1.58,-0.39,103.87,0
405,2010,37,4.65,4.65,0,0,26.15,14.42,24.53,0,2.53,3.12,0.41,-0.25,121.37,0
406,2010,38,5.32,5.32,0,0,26.6,14.16,21.73,0,6.03,7.3,2.59,-1.54,120.74,0
407,2010,39,0.21,0.21,0,0,27.05,13.34,26.73,0,4.57,5.49,0.21,-0.43,153.97,3
408,2010,40,4.97,4.97,0,0,26.84,13.69,17.89,0,5.46,6.55,0.76,-0.19,104.04,1
409,2010,41,0.4,0.4,0,0,27.05,11.73,18.09,0,4.86,5.95,1.16,-0.43,110.34,0
410,2010,42,4.46,4.46,0,0,26.53,11.93,15.01,0,4.08,5.01,1.83,-1.5,129.34,1
411,2010,43,4.04,4.04,0,0,27.68,10.74,7.97,0,7.53,9.12,5.52,-4.04,126.2,0
412,2010,44,7.47,7.47,0,0,26.68,10.69,9.4,0,4.95,6.05,1.95,-1.86,133.65,4
413,2010,45,4.75,4.75,0,0,26.8,10.19,7.76,0,5.01,6.17,2.46,-0.56,102.82,4
414,2010,46,3.59,4.37,0.78,0,26.76,9.52,5.89,0,5.51,6.93,1.15,0.23,78.69,2
415,2010,47,2.81,3.83,1.02,0,26.99,8.2,5.16,0,6.55,8.78,3.11,-0.18,93.31,9
416,2010,48,6.65,6.65,0,0,26.87,8.67,4.8,0,6.33,7.78,3.77,-0.77,101.54,5
417,2010,49,14.89,14.89,0,0,25.85,8.21,3.64,0,5.71,7.1,3.62,-2.31,122.54,6
418,2010,50,4.35,4.35,0,0,26.04,8.33,4.05,0,6.83,8.37,4.81,-3.21,123.72,10
419,2010,51,17.34,17.46,0.12,0,25.78,8.34,2.28,0,9.32,11.49,7.47,-3.54,115.36,9
420,2010,52,4.24,4.27,0.04,0,25.89,7.95,5.61,0,6.55,8.11,1.41,-1.12,128.46,13
421,2011,1,6.76,8.22,1.47,0,26.9,7.1,5.08,0,5.28,6.58,1.56,0,90,14
422,2011,2,5.6,8.47,2.86,0,27.09,6.88,4.86,0,5.94,7.44,2.7,-1.24,114.67,16
423,2011,3,3.5,3.55,0.05,0,26.37,7.3,6.37,0,5.55,6.74,1.49,0.31,78.25,12
424,2011,4,2.65,2.65,0,0,26.52,7.76,4.49,0,4.47,5.36,3.19,-1.09,108.86,11
425,2011,5,2.38,2.38,0,0,26.55,7.33,9.49,0,4.03,5.05,1.53,-0.48,107.42,3
426,2011,6,7.07,7.07,0,0,26.81,7.52,8.61,0,5.69,7.05,1.13,0.07,86.46,5
427,2011,7,6.89,7.15,0.25,0,26.6,7.56,9.38,0,7.35,9.1,2.53,-2.13,130.09,5
428,2011,8,0.33,1.53,1.19,0,27.01,6.93,15.92,0,4.96,6.48,-1.05,1.92,-28.67,3
429,2011,9,6.77,7.55,0.78,0,27.48,7.35,12.72,0,8.05,9.93,5.12,-4.54,131.56,5
430,2011,10,9.38,9.38,0,0,26.95,7.45,18.08,0,6.93,8.55,4.29,-2.55,120.73,5
431,2011,11,11.25,11.25,0,0,25.87,7.79,14.6,0,8.02,9.9,5.38,-4.4,129.28,5
432,2011,12,0.9,0.9,0,0,27.09,7.74,24.97,0,3.79,4.58,0.59,-0.07,96.77,5
433,2011,13,3.2,3.2,0,0,27.7,8.53,25.61,0,5.71,7.03,1.87,-1.33,125.42,0
434,2011,14,1.02,1.02,0,0,27.29,8.13,26.14,0,6.07,7.36,0.5,-0.45,131.99,4
435,2011,15,2.76,2.76,0,0,27.82,8.42,27.63,0,7.09,8.77,3.7,-3.9,136.51,2
436,2011,16,0.78,0.78,0,0,26.97,8.84,45.07,0,4.44,5.47,-2.61,1.91,-53.8,3
437,2011,17,2.89,2.89,0,0,27.48,9.51,35.04,0,4.83,5.91,1.4,-1.68,140.19,5
438,2011,18,2.65,2.65,0,0,27.83,10.38,36.35,0,4.66,5.65,2.11,-1.4,123.56,3
439,2011,19,3.72,3.72,0,0,27.3,10.59,33.91,0,5.44,6.57,1.34,-1.07,128.61,4
440,2011,20,1.33,1.33,0,0,26.01,12.37,41.15,0,3.97,4.77,-1.42,0.99,-55.12,4
441,2011,21,2.05,2.05,0,0,24.73,13.45,42.83,0,3.79,4.61,0.77,-0.68,131.45,2
442,2011,22,1.05,1.05,0,0,25.56,13.53,44.79,0,3.76,4.57,0.12,-0.06,116.57,0
443,2011,23,0.17,0.17,0,0,24.05,14.77,52.87,0,4.96,5.93,-0.97,0.84,-49.11,0
444,2011,24,1.09,1.09,0,0,24.54,13.81,50.63,0,5.23,6.29,1.21,-0.76,122.13,1
445,2011,25,0.76,0.76,0,0,22.2,15.28,48.36,0,3.97,4.86,0.84,-0.44,117.65,1
446,2011,26,0.44,0.44,0,0,20.14,16.3,39.91,0,3.88,4.79,0.42,-0.27,122.74,1
447,2011,27,0.14,0.14,0,0,19.59,17.2,55.46,0,3.86,4.77,-1.67,1.75,-43.66,0
448,2011,28,5.46,5.46,0,0,23.77,16.57,32.19,0,3.86,4.64,1.95,-1.32,124.09,0
449,2011,29,0.37,0.37,0,0,20.13,16.23,46.79,0,3.93,4.77,1.19,-0.68,119.74,0
450,2011,30,0.19,0.19,0,0,20.63,18.52,47.06,0,3.8,4.6,-0.12,0.38,-17.53,3
451,2011,31,0.03,0.03,0,0,19.82,18.66,53,0,4.07,4.94,-1.34,1.15,-49.36,2
452,2011,32,0.09,0.09,0,0,21.84,18.68,49.65,0,3.95,4.75,0.37,0.02,86.91,0
453,2011,33,0.02,0.02,0,0,21.69,18.31,47.75,0,3.3,4.07,-0.85,0.93,-42.43,1
454,2011,34,0.88,0.88,0,0,22.95,17.74,37.93,0,4.58,5.49,0.71,-0.57,128.76,1
455,2011,35,0.01,0.01,0,0,23.78,17.47,39.34,0,4.65,5.54,-2.15,1.61,-53.17,0
456,2011,36,0,0,0,0,24.28,17.99,41.7,0,3.6,4.27,-1.77,1.45,-50.68,0
457,2011,37,1.61,1.61,0,0,24.89,17.16,26.66,0,3.98,4.83,0.47,-0.14,106.59,0
458,2011,38,5.65,5.65,0,0,25.89,13.23,19.71,0,6.06,7.31,3.26,-2.13,123.16,1
459,2011,39,4.37,4.37,0,0,26.94,12.14,20.56,0,5.69,7.03,1.3,-1.35,136.08,0
460,2011,40,3.58,3.58,0,0,26.5,12.58,15.42,0,5.19,6.31,2.17,-1.15,117.92,0
461,2011,41,3.05,3.05,0,0,26.67,11.35,18.91,0,5.11,6.22,0.67,-0.39,120.2,0
462,2011,42,2.19,2.19,0,0,26.88,11.68,16.53,0,4.16,5.05,0.31,0.02,86.31,0
463,2011,43,2.31,2.31,0,0,26.87,10.76,13.62,0,4.32,5.35,0.95,-0.24,104.18,0
464,2011,44,1.26,1.26,0,0,28.06,10.14,10.76,0,5.88,7.2,1.21,-0.41,108.72,0
465,2011,45,3.59,3.59,0,0,27.97,9.94,6.09,0,6.28,7.76,3.08,-0.89,106.12,2
466,2011,46,2.92,3.05,0.13,0,27.68,8.91,8.18,0,5.79,7.28,-0.08,0.72,-6.34,1
467,2011,47,18.51,18.59,0.08,0,27.22,8.76,5.22,0,8.81,10.93,5.53,-3.58,122.92,2
468,2011,48,2.47,2.47,0,0,26.13,8.48,6.53,0,5.62,6.91,1.52,0.74,64.04,1
469,2011,49,0.17,0.17,0,0,27.1,7.62,5.9,0,2.95,3.83,-1.15,1.56,-36.4,1
470,2011,50,2.3,2.32,0.02,0,27.04,7.33,4.03,0,4.76,5.86,2.08,-0.16,94.4,5
471,2011,51,2.2,2.2,0,0,27.21,7.83,5.25,0,5.96,7.27,2.03,-0.65,107.75,1
472,2011,52,8.25,8.25,0,0,27.79,8.17,3.75,0,6.86,8.55,3.68,-1.7,114.79,5
473,2012,1,10.19,10.2,0,0,26.51,7.66,3.15,0,6.78,8.32,4.69,-2.69,119.84,5
474,2012,2,0.94,0.98,0.04,0,27.23,7.39,6.45,0,5.84,7.27,0.86,0.79,47.43,13
475,2012,3,4.12,6.78,2.66,0,27.32,6.2,6.09,0,5.3,6.87,-0.34,1.26,-15.1,9
476,2012,4,8.66,8.66,0,0,27.25,7.32,6.05,0,8.2,10.15,4.86,-3.44,125.29,11
477,2012,5,1.5,1.5,0,0,27.27,7.29,8.1,0,5.62,6.86,2.87,-1.12,111.32,12
478,2012,6,7.17,7.17,0,0,26.9,7.18,8.3,0,3.46,4.34,1.11,-0.55,116.36,4
479,2012,7,4.43,4.43,0,0,27.39,7.44,10.89,0,6.21,7.47,3.38,-1.67,116.29,10
480,2012,8,5.17,5.17,0,0,26.95,7.1,10.98,0,6.72,8.24,1.39,0.74,61.97,5
481,2012,9,2.59,2.73,0.14,0,27.68,6.93,15.91,0,7.01,8.64,2.89,-0.2,93.96,5
482,2012,10,4.13,4.19,0.06,0,27.73,7.1,17.49,0,6.24,7.66,1.68,-0.23,97.8,2
483,2012,11,8.21,8.26,0.05,0,28.03,7.32,19.77,0,9.4,11.58,5.1,-4.91,133.91,8
484,2012,12,2.5,2.51,0.01,0,27.7,7.19,27.71,0,5.6,6.93,1.71,-1.42,129.71,6
485,2012,13,5.71,5.79,0.08,0,27.19,7.3,18.65,0,6.22,7.63,2.91,-1.92,123.42,4
486,2012,14,3.46,3.46,0,0,26.91,7.8,34.44,0,4.67,5.79,1.05,-0.71,124.07,4
487,2012,15,0.79,0.79,0,0,26.65,9.15,31.87,0,3.81,4.62,-1.23,0.65,-62.15,7
488,2012,16,3.8,3.8,0,0,27.58,9,30.77,0,5.36,6.52,3.3,-1.88,119.67,5
489,2012,17,2.72,2.72,0,0,26.68,9.5,25.24,0,4.96,6,1.15,-0.65,119.48,1
490,2012,18,2.95,2.95,0,0,26.07,10.07,40.69,0,3.64,4.54,0.34,-0.32,133.26,2
491,2012,19,0.06,0.06,0,0,24.05,10.95,50.23,0,4.28,5.19,-1.18,0.9,-52.67,1
492,2012,20,0.07,0.07,0,0,25.7,13.39,56.5,0,5.9,7.01,-3.7,3,-50.96,0
493,2012,21,1.76,1.76,0,0,26.51,11.55,44.23,0,4.66,5.61,1.54,-0.79,117.16,2
494,2012,22,3.65,3.66,0.01,0,24.51,12.96,39.27,0,4.93,5.98,1.92,-1.57,129.27,0
495,2012,23,1.92,1.92,0,0,23.55,12.23,41.53,0,5.05,6.17,0.33,-0.26,128.23,0
496,2012,24,1.56,1.56,0,0,24.49,13.51,37.72,0,4.91,5.89,1.93,-1.45,126.92,1
497,2012,25,3.76,3.76,0,0,22.24,14.54,45.9,0,3.53,4.31,0.73,-0.65,131.68,2
498,2012,26,1.86,1.86,0,0,22.73,14.9,42.97,0,4.46,5.38,1.89,-1.69,131.8,1
499,2012,27,2.59,2.59,0,0,20.35,15.74,51.44,0,3.5,4.29,0.63,-0.67,136.76,0
500,2012,28,0.01,0.01,0,0,18.98,18.92,60.81,0,4.13,4.96,-1.48,1.3,-48.7,0
501,2012,29,0.44,0.44,0,0,20.31,19.09,46.71,0,4.65,5.66,0.8,-0.48,120.96,0
502,2012,30,0.58,0.58,0,0,20.51,16.91,46.37,0,4.3,5.19,0.09,-0.63,171.87,1
503,2012,31,0,0,0,0,21.99,17.4,52.37,0,4.25,5.07,-0.46,0.11,-76.55,0
504,2012,32,0.21,0.21,0,0,21.87,18.17,48.11,0,4.85,5.81,-0.82,0.28,-71.15,0
505,2012,33,0.01,0.01,0,0,22.33,19.34,45.21,0,4.03,4.8,-2.4,1.63,-55.82,0
506,2012,34,0.03,0.03,0,0,24.84,16.75,37.62,0,3.73,4.56,-0.72,0.57,-51.63,0
507,2012,35,0.6,0.6,0,0,24.57,16.23,34.28,0,4.4,5.32,0.7,-0.66,133.32,1
508,2012,36,0,0,0,0,25.06,16.72,40.86,0,4.63,5.51,-2.68,2.19,-50.75,0
509,2012,37,0.57,0.57,0,0,26.09,15.01,33.19,0,5.05,6.11,-1.83,1.22,-56.31,1
510,2012,38,0.03,0.03,0,0,26.77,14.64,32.65,0,3.28,3.95,-1.09,0.49,-65.79,0
511,2012,39,0.12,0.12,0,0,27.16,14.25,26.35,0,3,3.64,-1.63,1.07,-56.72,0
512,2012,40,0.01,0.01,0,0,27.24,12.86,26.16,0,4.25,5.12,-2.56,2.14,-50.11,0
513,2012,41,6.27,6.27,0,0,27.39,12.18,15.36,0,3.52,4.37,1.46,-1.14,127.98,3
514,2012,42,6.09,6.09,0,0,27.79,9.93,11.34,0,5.94,7.34,2.6,-1.32,116.92,1
515,2012,43,6.65,6.65,0,0,27.7,9.35,8.49,0,5.22,6.4,2.99,-0.91,106.93,2
516,2012,44,10.82,10.82,0,0,26.4,9.87,6.01,0,4.32,5.3,2.59,-0.78,106.76,3
517,2012,45,2.01,2.01,0,0,26.6,9.32,10.69,0,4.73,5.8,-0.4,0.76,-27.76,4
518,2012,46,5.51,5.51,0,0,27.28,8.71,4.97,0,5.51,6.77,3.63,-1.46,111.91,5
519,2012,47,9.28,9.28,0,0,27.52,8.34,4.55,0,7.94,9.76,5.6,-3.37,121.04,5
520,2012,48,10.1,10.1,0,0,25.27,7.71,6,0,5.63,6.98,3.01,-1.29,113.2,2
521,2012,49,5.61,5.61,0,0,27.02,8,5.45,0,5.99,7.47,2.03,-2.48,140.7,5
522,2012,50,4.46,4.46,0,0,27.52,7.73,3.27,0,6.43,7.94,3.39,-0.3,95.06,6
523,2012,51,9.7,10.82,1.13,0,28.06,7.6,2.87,0,7.23,9.03,3.59,-1.18,108.2,4
524,2012,52,5.53,5.67,0.13,0,27.44,7.18,3.01,0,5.63,6.88,2.68,0.36,82.35,10
525,2013,1,1.35,1.35,0,0,27.71,7.1,3.83,0,3.75,4.63,2.48,-0.75,106.83,13
526,2013,2,8.13,8.41,0.28,0,27.78,6.77,5.89,0,5.55,6.85,1.48,0.27,79.66,10
527,2013,3,0.33,0.33,0,0,27.64,6.41,4.98,0,2.53,3.43,0.64,0.68,43.26,9
528,2013,4,3.57,3.57,0,0,27.91,6.43,4.65,0,4.1,5.28,1.64,-0.7,113.11,7
529,2013,5,0.68,0.68,0,0,28.18,6.84,5.43,0,3.08,3.83,-0.13,0.41,-17.59,3
530,2013,6,3.74,3.74,0,0,28.21,7.35,6.34,0,5.99,7.37,4.31,-2.32,118.29,7
531,2013,7,1.26,1.26,0,0,27.92,7.4,9.35,0,3.14,3.84,1.49,-0.52,109.24,4
532,2013,8,3.59,3.61,0.02,0,28.55,7.44,14.04,0,6.14,7.51,1.62,-0.23,98.08,4
533,2013,9,7.47,7.47,0,0,28.5,7.64,7.45,0,7.82,9.51,4.71,-1.76,110.49,7
534,2013,10,0.8,0.8,0,0,27.08,7.41,20.5,0,4.31,5.21,-1.37,1.11,-50.98,7
535,2013,11,5.14,5.14,0,0,27.21,7.87,12.31,0,5.98,7.22,4.34,-1.47,108.71,1
536,2013,12,4.78,4.82,0.04,0,27.33,7.69,25.59,0,6.31,7.86,-0.47,0.64,-36.29,3
537,2013,13,0.08,0.08,0,0,26.76,8.42,34.84,0,2.59,3.16,-0.42,0.39,-47.12,4
538,2013,14,3.94,3.94,0,0,27.13,9.49,26.93,0,4.1,4.97,1.42,-0.9,122.37,1
539,2013,15,2.69,2.69,0,0,27.21,8.96,32.92,0,6.89,8.31,1.42,-0.39,105.36,0
540,2013,16,2.45,2.45,0,0,26.66,9.54,35.79,0,4.49,5.45,-0.07,0.34,-11.63,2
541,2013,17,0.23,0.23,0,0,26.19,11.04,44.35,0,4.46,5.46,-0.63,0.57,-47.86,0
542,2013,18,0.46,0.46,0,0,27.16,10.41,42.86,0,5.43,6.59,-2.95,2.16,-53.79,3
543,2013,19,1.62,1.62,0,0,27.51,13.64,48.89,0,3.04,3.68,0.27,-0.28,136.04,0
544,2013,20,3,3,0,0,27.41,11.59,36.09,0,4.63,5.68,2.53,-2,128.33,0
545,2013,21,3.62,3.62,0,0,23.78,13.35,45.94,0,4.31,5.27,0.3,-0.06,101.31,0
546,2013,22,4.88,4.88,0,0,26.37,12.03,33.39,0,4.97,5.95,2.9,-2.13,126.3,0
547,2013,23,0.16,0.16,0,0,21.46,15.56,55.25,0,4.52,5.46,-1.66,1.61,-45.88,2
548,2013,24,0.84,0.84,0,0,23.34,15.44,53.6,0,4.45,5.39,-0.11,-0.23,-154.44,0
549,2013,25,1.87,1.87,0,0,21.77,17.01,45.37,0,4.13,5.06,0.14,0.07,63.43,0
550,2013,26,5.24,5.24,0,0,24.07,15.33,33.01,0,4.09,4.99,2.39,-1.52,122.46,1
551,2013,27,0,0,0,0,21.37,19.67,60.71,0,4.46,5.38,-2.29,2.14,-46.94,1
552,2013,28,0.02,0.02,0,0,23.44,17.8,59.44,0,4.42,5.35,-2.38,1.91,-51.25,2
553,2013,29,0.05,0.05,0,0,24.63,18.55,56.32,0,4.25,5.09,-1.58,1.17,-53.48,0
554,2013,30,0,0,0,0,24.65,19.55,57.92,0,4.55,5.51,-2.12,2.46,-40.75,1
555,2013,31,0.19,0.19,0,0,26.15,18.49,50.34,0,3.73,4.48,1.12,-1.05,133.15,0
556,2013,32,0.01,0.01,0,0,23.38,19.41,52.26,0,3.62,4.39,-1.43,1.98,-35.84,1
557,2013,33,1.38,1.38,0,0,25.43,18.31,31.33,0,3.91,4.79,1.13,-1.96,150.04,1
558,2013,34,0.29,0.29,0,0,25.44,16.38,39.19,0,4.2,5.03,1.91,-2.08,137.44,0
559,2013,35,5.23,5.23,0,0,25.23,15.86,28.06,0,4.15,5.08,1.95,-1.22,122.03,0
560,2013,36,0.9,0.9,0,0,24.55,17.08,33.22,0,3.12,3.81,-0.75,0.62,-50.42,0
561,2013,37,0,0,0,0,25.99,17.39,37.29,0,2.74,3.34,-1.11,0.39,-70.64,0
562,2013,38,5.25,5.25,0,0,26.24,14.87,23.91,0,3.7,4.65,0.33,-1.24,165.1,1
563,2013,39,8.36,8.36,0,0,27.38,12.52,20.77,0,6.36,7.74,1.78,-1.49,129.93,0
564,2013,40,7.5,7.5,0,0,27.48,11.34,13.68,0,6.55,7.98,3.71,-3.75,135.31,1
565,2013,41,1.04,1.04,0,0,26.53,11.75,20.47,0,4.61,5.63,-0.64,1.32,-25.87,0
566,2013,42,0.01,0.01,0,0,26.44,11.87,18.61,0,2.41,3.18,-1.26,1.57,-38.75,0
567,2013,43,0.27,0.27,0,0,26.71,11.26,13.11,0,2.15,2.95,-1.21,0.95,-51.86,0
568,2013,44,6.45,6.45,0,0,27.27,10.87,11.12,0,5.19,6.26,-0.32,0.74,-23.39,1
569,2013,45,5.49,5.49,0,0,27.54,9.92,8.06,0,4.85,6.03,1.8,0,90,5
570,2013,46,2.17,2.17,0,0,27.26,9.95,8.34,0,5.29,6.48,-0.1,1.12,-5.1,2
571,2013,47,1.43,1.43,0,0,27.8,9.03,9.06,0,4.17,5.33,-1.15,1.82,-32.29,3
572,2013,48,1.69,1.69,0,0,27.79,8.65,5.74,0,2.69,3.36,0.91,-0.24,104.77,2
573,2013,49,0.28,0.68,0.4,0,28.48,7.81,7.87,0,5.49,7.05,0.22,1.16,10.74,5
574,2013,50,1.61,1.66,0.05,0,28.7,7.37,2.34,0,5.11,6.44,3.12,-1.83,120.39,9
575,2013,51,1.28,2.05,0.77,0,28.8,7.84,3.5,0,5.52,6.83,1.78,-0.39,102.36,6
576,2013,52,1.45,1.45,0,0,28.26,7.62,4.28,0,4.74,5.76,1.61,-0.43,104.95,12
577,2014,1,2.21,2.21,0,0,28.48,8.09,4.95,0,5.94,7.23,0.41,0.81,26.85,14
578,2014,2,11.92,11.92,0,0,27.91,7.35,3.23,0,6.01,7.48,2.06,-1.52,126.42,13
579,2014,3,0.34,0.34,0,0,26.46,7.28,5.34,0,3.18,4.06,-0.12,0.63,-10.78,8
580,2014,4,0,0,0,0.43,27.73,7.39,7.83,0.43,2.62,3.47,-1.2,1.27,-43.38,5
581,2014,5,1.72,1.72,0,1,27.93,7.28,7.68,1,3.17,4.04,-0.32,0.66,-25.87,10
582,2014,6,0.02,0.15,0.13,0.71,28.52,6.8,15.22,0.71,4.4,5.95,0.52,0.94,28.95,4
583,2014,7,10.44,10.72,0.28,0,28.21,7.12,10.17,0,6.37,7.9,2.8,-2.3,129.4,6
584,2014,8,7.18,8.63,1.45,0,27.76,7.22,12.35,0,6.13,7.7,0.5,-1.1,155.56,7
585,2014,9,0.93,3.4,2.47,0,27.02,6.5,13.88,0,3.05,3.91,0.14,0.64,12.34,12
586,2014,10,10.41,10.48,0.07,0,26.45,6.96,8.73,0,5.45,6.74,2.23,-0.32,98.17,10
587,2014,11,4.05,4.05,0,0,26.81,7.67,20.2,0,4.55,5.6,0.83,-0.07,94.82,6
588,2014,12,1.54,1.54,0,0,27.7,7.38,23.17,0,6.18,7.57,-0.19,0.48,-21.6,2
589,2014,13,7.56,7.56,0,0,26.72,8.05,22.87,0,4.59,5.7,2.12,-1.66,128.06,13
590,2014,14,1.69,1.69,0,0,25.67,8.12,28.72,0,5.25,6.34,1.72,-1.86,137.24,4
591,2014,15,0.27,0.27,0,0,26.93,9.17,31.7,0,4.14,5.03,-0.16,0.12,-53.13,7
592,2014,16,3.83,3.83,0,0,27.32,9.55,29.36,0,5.5,6.68,1.04,-1.04,135,4
593,2014,17,3.62,3.62,0,0,27.87,9.21,35.02,0,5.53,6.75,1.42,-2.57,151.08,2
594,2014,18,1.89,1.89,0,0,26.47,10.66,39,0,4.06,4.96,0.66,-1.56,157.07,4
595,2014,19,2.49,2.49,0,0,27.12,11.01,43.03,0,4.19,5.06,1.67,-1.37,129.36,3
596,2014,20,0.15,0.15,0,0,24.65,13.67,49.5,0,3.63,4.37,0.14,-0.54,165.47,4
597,2014,21,1.03,1.03,0,0,26.27,14.21,40.76,0,3.55,4.37,0.77,-0.5,123,1
598,2014,22,1.51,1.51,0,0,22.71,14.99,48.6,0,4.26,5.23,-0.12,0.91,-7.51,0
599,2014,23,0,0,0,0,23.88,16.23,61.11,0,5.66,6.78,-1.79,2.94,-31.33,3
600,2014,24,0.82,0.82,0,0,25.31,16.49,46.22,0,4.49,5.46,0.72,0.88,39.29,2
601,2014,25,0.64,0.64,0,0,23.85,15.18,48.49,0,5.18,6.3,1.19,-1.32,137.96,2
602,2014,26,2,2,0,0,22.24,16.46,46.67,0,4.75,5.7,0.74,-1.39,151.97,2
603,2014,27,1.02,1.02,0,0,24.14,16.04,48.25,0,4.04,4.91,0.94,-1.19,141.69,0
604,2014,28,0.47,0.47,0,0,23.53,17.96,57,0,4.77,5.68,-1.22,1.95,-32.03,0
605,2014,29,0.11,0.11,0,0,24.72,18.85,53.7,0,5.03,6.11,0.44,1.53,16.04,1
606,2014,30,2.42,2.42,0,0,26.26,17.11,40.25,0,4.02,4.86,0.89,-1.33,146.21,0
607,2014,31,0,0,0,0,22.85,19.33,56.24,0,3.65,4.39,-1,1.73,-30.03,0
608,2014,32,0,0,0,0,25.33,20.27,53.68,0,4,4.78,-0.44,1.62,-15.2,0
609,2014,33,1.82,1.82,0,0,25.44,19.07,37.99,0,3.72,4.48,-0.49,0.44,-48.08,0
610,2014,34,0,0,0,0,25.19,19.64,47,0,3.97,4.8,-0.38,1.59,-13.44,2
611,2014,35,0.58,0.58,0,0,26.43,19.03,38.57,0,3.9,4.72,0.55,0.74,36.62,0
612,2014,36,1.48,1.48,0,0,26.7,16.46,33.94,0,4.49,5.41,-1.06,1.62,-33.2,1
613,2014,37,0,0,0,0,27.19,16.78,39.58,0,3.6,4.35,-0.46,1.63,-15.76,1
614,2014,38,0.53,0.53,0,0,27.37,16.1,29.03,0,3.06,3.73,0.33,-0.44,143.13,1
615,2014,39,5.03,5.03,0,0,28.41,13.47,20.31,0,4.96,6.04,1.53,-2.79,151.26,1
616,2014,40,0.76,0.76,0,0,26.61,14.03,19.62,0,3.39,4.17,-0.39,0.19,-64.03,0
617,2014,41,1.21,1.21,0,0,27.33,14.49,19.75,0,2.73,3.38,-0.03,0.17,-10.01,0
618,2014,42,6.15,6.15,0,0,28.77,11.83,7.26,0,6.74,8.17,4.77,-2.75,119.96,0
619,2014,43,17.15,17.15,0,0,28.02,11.32,8.11,0,5.79,7.09,3.46,-2.52,126.07,1
620,2014,44,6.8,6.8,0,0,26.25,11.48,10.46,0,5.92,7.23,2.77,-1.51,118.6,0
621,2014,45,6.15,6.15,0,0,25.3,11.31,7.09,0,5.74,7.04,3.63,-1.8,116.38,0
622,2014,46,0.08,0.08,0,0,24.85,10,13.77,0,4.12,5.23,0.23,0.56,22.33,0
623,2014,47,5.02,5.02,0,0,24.84,9.06,8.13,0,3.96,5.01,1.01,-0.24,103.37,0
624,2014,48,8.59,8.67,0.08,0,26.41,9.6,5.1,0,6.52,8.05,1.37,0.02,89.16,0
625,2014,49,2.5,2.5,0,0,25.83,8.38,6.09,0,3.37,4.48,0.21,0.7,16.7,3
626,2014,50,18.41,18.41,0,0,25.62,9.72,3.81,0,6.85,8.41,4.36,-2.47,119.53,1
627,2014,51,6.77,6.77,0,0,24.94,8.89,2.98,0,5.75,7.06,4.43,-1.97,113.97,1
628,2014,52,2.3,2.3,0,0,25.73,8.58,5.18,0,4.55,5.59,1.54,0.33,77.91,1
629,2014,53,0.22,0.22,0,0,26.53,8,8.5,0,4.3,5.51,-1.94,2.36,-39.42,2
630,2015,1,5.83,5.83,0,0,25.72,8.43,3.35,0,3.68,4.59,0.68,0.53,52.07,5
631,2015,2,5.21,5.21,0,0,25.38,8.24,5.51,0,3.81,4.74,1.19,-0.26,102.32,2
632,2015,3,4.42,4.42,0,0,25.92,8.69,4.94,0,4.66,5.74,3.16,-1.93,121.41,1
633,2015,4,0.37,0.37,0,0,25.39,8.86,9.01,0,3.58,4.41,0.57,-0.14,103.8,0
634,2015,5,13.01,13.01,0,0,25.58,9.04,6.31,0,5.85,7.11,4.71,-2.59,118.81,2
635,2015,6,6.34,6.34,0,0,24.19,9.2,8.3,0,4.45,5.4,1.82,-1.04,119.74,2
636,2015,7,0.14,0.14,0,0,24.89,8.9,17.45,0,3.56,4.33,-2.01,1.16,-60.01,4
637,2015,8,2.82,2.82,0,0,25.94,8.76,17.9,0,2.9,3.57,-0.27,0.77,-19.32,3
638,2015,9,0.37,0.37,0,0,26,8.81,22.88,0,2.6,3.3,-0.95,0.95,-45,3
639,2015,10,2.78,2.78,0,0,26.6,9.39,19.13,0,4.31,5.39,2.16,-0.97,114.18,5
640,2015,11,5.88,5.88,0,0,27.54,9.46,17.03,0,4.95,5.98,1.34,-0.3,102.62,3
641,2015,12,5.13,5.13,0,0,27.37,9.82,18.73,0,5.51,6.67,3.95,-2.19,119.01,1
642,2015,13,5,5,0,0,26.28,9.89,24.38,0,6.08,7.41,2.94,-1.41,115.62,1
643,2015,14,0.5,0.5,0,0,25.79,10.26,37.14,0,4.13,5.03,0.31,-0.33,136.79,2
644,2015,15,0.63,0.63,0,0,25.41,10.83,35.49,0,5.31,6.42,-0.14,0.32,-23.63,1
645,2015,16,3.4,3.4,0,0,25.68,11.7,38.39,0,4.8,5.9,-0.65,0.52,-51.34,6
646,2015,17,0.67,0.67,0,0,26.78,11.52,34.39,0,5.65,6.82,2.23,-1.44,122.85,2
647,2015,18,0.25,0.25,0,0,25.47,12.87,49.73,0,3.58,4.36,-0.87,0.19,-77.68,8
648,2015,19,0.54,0.54,0,0,25.56,14.6,49.46,0,3.48,4.21,-0.48,0.14,-73.74,2
649,2015,20,0,0,0,0,24.98,16.26,54.79,0,4.02,4.79,-1.02,0.54,-62.1,2
650,2015,21,0,0,0,0,25.28,17.02,58.87,0,3.89,4.69,-0.52,0.52,-45,0
651,2015,22,1.69,1.69,0,0,24.72,17.09,47.81,0,3.91,4.75,0.24,-0.04,99.46,2
652,2015,23,0,0,0,0,23.91,18.15,62.07,0,6.75,8.06,-4.7,3.76,-51.34,0
653,2015,24,0.27,0.27,0,0,26.37,16.6,56.42,0,3.77,4.52,-1.74,1.05,-58.89,1
654,2015,25,0.09,0.09,0,0,24.72,17.91,54.4,0,4.39,5.2,-0.81,0.43,-62.04,1
655,2015,26,0.05,0.05,0,0,25.15,19.77,57.96,0,6.28,7.35,-4,3.1,-52.22,1
656,2015,27,1.12,1.12,0,0,27.17,16.74,50.37,0,4,4.72,1.09,-1.27,139.36,1
657,2015,28,1.13,1.13,0,0,26.36,16.43,54.06,0,5.46,6.51,-2.43,1.57,-57.13,0
658,2015,29,1.14,1.14,0,0,26.87,17.37,49.23,0,4.47,5.41,0.35,-0.06,99.73,4
659,2015,30,0.75,0.75,0,0,26.86,18.23,54.7,0,3.43,4.12,-1.65,1.01,-58.53,2
660,2015,31,1.12,1.12,0,0,27.09,18.8,42.69,0,4.02,4.82,-0.94,0.98,-43.81,1
661,2015,32,0.17,0.17,0,0,26.92,18.41,46.29,0,4.55,5.44,-0.52,0.37,-54.57,0
662,2015,33,0.04,0.04,0,0,27.46,17.94,48.73,0,5.23,6.24,-3.03,2.65,-48.83,3
663,2015,34,3.69,3.69,0,0,27.97,17.79,38.92,0,3.79,4.64,1.14,-0.59,117.36,0
664,2015,35,3.29,3.29,0,0,28.73,12.48,24.33,0,4.99,6.16,1.83,-1.73,133.39,2
665,2015,36,0.44,0.44,0,0,27.08,15.39,35.86,0,4.66,5.58,-0.35,0.15,-66.8,0
666,2015,37,2.02,2.02,0,0,27.75,14.99,22.61,0,5.29,6.38,1.07,0.32,73.35,2
667,2015,38,3.58,3.58,0,0,28.66,13.11,22.35,0,5.62,6.78,1.26,-0.48,110.85,0
668,2015,39,0,0,0,0,27.1,13.74,29.92,0,3.74,4.54,-2.4,1.62,-55.98,0
669,2015,40,4.72,4.72,0,0,27.67,13.59,13.43,0,4.77,5.81,2.39,-1.59,123.63,1
670,2015,41,1.79,1.79,0,0,27.94,12.01,16.62,0,3.92,4.77,-1.02,0.82,-51.2,0
671,2015,42,0.92,0.92,0,0,27.54,12.74,13.63,0,3.23,3.96,-0.42,0.42,-45,0
672,2015,43,8.24,8.24,0,0,28.01,12.21,11.74,0,4.33,5.3,2.01,-1.29,122.69,1
673,2015,44,7.24,7.24,0,0,28.14,11.07,8.37,0,5.61,6.82,1.8,-0.16,95.08,0
674,2015,45,6.41,6.41,0,0,28.41,10.63,7.56,0,5.49,6.78,1.13,-0.09,94.55,2
675,2015,46,3.86,3.86,0,0,27.19,9.71,8.81,0,6.43,7.96,-0.64,2.49,-14.41,0
676,2015,47,1.18,1.18,0,0,27.46,9,8.81,0,3.17,4.1,-1.63,1.93,-40.18,2
677,2015,48,16.15,16.15,0,0,27.8,9.52,3.5,0,7.01,8.76,4.99,-2.93,120.42,5
678,2015,49,16.01,16.01,0,0,26.27,9.87,3.47,0,8.91,10.99,7.12,-3.75,117.78,1
679,2015,50,5.34,5.42,0.08,0,27.26,8.76,4.71,0,6.38,7.92,0.62,-0.07,96.44,3
680,2015,51,4.04,4.11,0.06,0,27.85,8.69,3.91,0,6.42,7.91,1.64,-0.3,100.37,1
681,2015,52,1.61,1.61,0,0,26.9,8,6.09,0,4.23,5.47,1.5,0.83,61.04,2
682,2015,53,4,4.03,0.04,0,26.62,7.81,3.77,0,2.66,3.58,0.9,0.12,82.41,NA
683,2016,1,0.52,0.92,0.4,0,26.74,6.85,5.79,0,2.74,3.63,-1.56,1.55,-45.18,7
684,2016,2,9.01,9.01,0,0,28.06,7.91,5.18,0,4.95,6.09,3.11,-1.24,111.74,8
685,2016,3,8.46,8.46,0,0,27.77,8.95,4.78,0,6.48,7.88,3.83,-1.34,109.28,3
686,2016,4,11.1,11.1,0,0,26.61,8.57,5.46,0,6.11,7.47,4.24,-2.69,122.39,3
687,2016,5,6.49,6.49,0,0,25.92,8.09,6.99,0,5.56,6.83,3.64,-1.47,111.99,2
688,2016,6,5.43,5.43,0,0,26.03,8.26,9.13,0,3.95,4.91,1.83,-1.15,122.15,4
689,2016,7,7.62,7.62,0,0,26.27,8.67,9.07,0,5.73,7.02,4.07,-2.38,120.32,4
690,2016,8,1.47,1.47,0,0,25.47,8.2,15.93,0,2.88,3.6,0.49,-0.08,99.27,3
691,2016,9,14.18,14.18,0,0,26.06,8.92,11.96,0,7.91,9.7,6.23,-3.78,121.25,5
692,2016,10,12.84,12.84,0,0,24.83,9.12,12.57,0,7.58,9.29,5.24,-4.22,128.85,2
693,2016,11,2.84,2.84,0,0,25.85,8.78,22.18,0,4.47,5.53,0.88,-0.39,113.9,2
694,2016,12,4.21,4.21,0,0,26.25,9.22,20.46,0,4.24,5.26,2.58,-1.44,119.17,0
695,2016,13,0.23,0.23,0,0,26.15,10.18,37.4,0,3.5,4.27,-1.6,1.28,-51.34,1
696,2016,14,0.89,0.89,0,0,26.57,10.28,33.56,0,4.61,5.61,0.35,-0.26,126.61,1
697,2016,15,1.21,1.21,0,0,26.75,10.35,29.4,0,6.12,7.35,3.75,-3.26,131,1
698,2016,16,1.16,1.16,0,0,25.26,12.38,33.07,0,3.36,4.05,-0.26,-0.05,-100.89,1
699,2016,17,0.29,0.29,0,0,25.91,12.09,45.93,0,5.07,6.13,-2.56,1.22,-64.52,2
700,2016,18,0.64,0.64,0,0,25.85,13.75,48.99,0,5.03,6,-3.44,2.22,-57.16,3
701,2016,19,0.02,0.02,0,0,26.81,13.76,53.36,0,3.95,4.84,-2.49,1.62,-56.95,4
702,2016,20,0.78,0.78,0,0,25.87,14.49,44.83,0,4.25,5.13,-0.37,-0.07,-100.71,1
703,2016,21,2.61,2.61,0,0,25.46,14.66,43.4,0,4.46,5.5,0.63,-0.09,98.13,1
704,2016,22,0.72,0.72,0,0,23.88,15.64,48.21,0,4.08,4.96,-0.02,-0.27,-175.76,2
705,2016,23,0.96,0.96,0,0,24.11,16.71,50.14,0,4.46,5.46,-0.95,0.84,-48.52,0
706,2016,24,3.85,3.85,0,0,25.31,15.86,44.9,0,3.81,4.84,0.1,-0.05,116.57,2
707,2016,25,2.96,2.96,0,0,25.6,15.42,43.48,0,3.96,4.83,1.1,-0.86,128.02,0
708,2016,26,0.3,0.3,0,0,24.52,16.97,56.61,0,4.39,5.22,-0.02,-0.28,-175.91,0
709,2016,27,2.78,2.78,0,0,25.34,16.6,44.95,0,5.71,6.9,1.03,-0.9,131.15,3
710,2016,28,0.95,0.95,0,0,24.8,16.67,48.81,0,4.2,5.05,-0.8,0.53,-56.48,1
711,2016,29,0.45,0.45,0,0,24.45,17.98,52.24,0,3.39,4.14,0.55,-0.11,101.31,1
712,2016,30,0,0,0,0,24.1,19.68,56.51,0,5.7,6.82,-3.03,2.89,-46.35,0
713,2016,31,1.29,1.29,0,0,25.73,18.09,43.4,0,3.39,4.14,-1.26,0.78,-58.24,0
714,2016,32,0.62,0.62,0,0,26.42,18.03,41.12,0,3.88,4.61,-2.21,1.34,-58.77,0
715,2016,33,0,0,0,0,26.51,19.19,50.1,0,5.57,6.54,-3.97,2.81,-54.71,0
716,2016,34,0.09,0.09,0,0,27.22,17.77,45.69,0,4.74,5.71,-3.11,2.31,-53.4,0
717,2016,35,3.6,3.6,0,0,27.66,14.78,27.86,0,4.67,5.66,3.04,-2.08,124.38,1
718,2016,36,1.11,1.11,0,0,27.17,14.44,29.91,0,3.86,4.67,0.56,-0.6,136.97,0
719,2016,37,2,2,0,0,26.97,15.79,32.01,0,4.44,5.3,-1.4,0.94,-56.12,0
720,2016,38,3.2,3.2,0,0,28.03,13.86,25.72,0,4.78,5.81,0.37,0.11,73.44,1
721,2016,39,1.78,1.78,0,0,27.81,14,22.66,0,4.69,5.66,-1.31,1.3,-45.22,0
722,2016,40,14.46,14.46,0,0,28.05,12.35,16.64,0,5.57,6.82,2.41,-1.06,113.74,2
723,2016,41,17.42,17.42,0,0,27.33,11.7,16.02,0,5.68,7,1.72,-0.41,103.41,0
724,2016,42,6.81,6.81,0,0,27.23,11.19,8.13,0,6.79,8.32,5.45,-2.99,118.75,1
725,2016,43,6.56,6.56,0,0,26.68,11.24,5.62,0,5.86,7.22,4.07,-1.87,114.68,0
726,2016,44,13.08,13.08,0,0,25.56,10.91,5.34,0,7.65,9.28,5.3,-3.28,121.75,1
727,2016,45,6.77,6.77,0,0,24.66,11.16,6.25,0,6.43,7.84,4.71,-3.05,122.93,0
728,2016,46,6.68,6.68,0,0.14,25.42,10.39,4.87,0.14,5.25,6.53,3.73,-1.34,109.76,5
729,2016,47,14.58,14.58,0,1,25.35,10.13,4.2,1,7.44,9.17,4.56,-3.2,125.06,1
730,2016,48,4.72,4.72,0,0.57,24.95,9.24,4.11,0.57,6.54,7.98,2.51,0.09,87.95,1
731,2016,49,2.46,4.42,1.96,0.71,25.09,8.15,5.35,0.71,5.58,7.23,1.49,0.94,57.75,2
732,2016,50,1.04,1.76,0.73,1,25.48,7.55,6.31,1,4.33,5.63,-0.34,1.3,-14.66,2
733,2016,51,5.5,5.56,0.06,1,25.38,8.2,5.01,1,7.28,8.96,3.38,-1.42,112.79,5
734,2016,52,2.96,2.98,0.03,0.78,26.55,7.44,4.66,0.78,5.32,6.72,2.22,-0.38,99.71,6
735,2017,1,0.11,0.17,0.06,0.88,26.83,7.04,7.25,0.88,5.26,6.76,1.14,0.78,55.62,7
736,2017,2,1.27,1.54,0.27,1,27.17,7.24,6.96,1,3.51,4.57,-0.34,0.4,-40.36,1
737,2017,3,9.14,9.14,0,1,26.45,7.84,5.66,1,6.92,8.5,5.19,-2.74,117.83,12
738,2017,4,0.61,0.61,0,1,26.53,7.81,7.63,1,4.44,5.41,2.53,-1.25,116.29,5
739,2017,5,1.23,5.1,3.88,1,27.48,7.42,9.69,1,5.2,6.49,-0.53,1.29,-22.34,5
740,2017,6,3.57,7.58,4.01,1,26.88,6.85,6.18,1,5.14,6.45,1.08,-0.17,98.95,6
741,2017,7,7.65,7.65,0,1,26.05,7.53,11,1,5.47,6.64,2.41,-1.65,124.4,4
742,2017,8,2.43,2.94,0.51,1,26.39,7.62,17.66,1,4.41,5.4,-0.87,1.3,-33.79,4
743,2017,9,1.63,2.23,0.6,1,27.3,7.55,15.54,1,5.82,7.18,1.66,-0.85,117.11,0
744,2017,10,3.52,4.49,0.98,1,27.46,7.84,14.79,1,4.67,5.9,1.5,-0.52,109.12,2
745,2017,11,6.48,6.48,0,1,27.02,8.13,17.51,1,6.53,7.94,4,-2.46,121.59,2
746,2017,12,3.97,3.97,0,1,26.51,7.9,21.09,1,5.81,7.17,2.53,-2.45,134.08,2
747,2017,13,6.5,6.5,0,0.14,27.31,8.48,21.73,0.14,7.1,8.61,4.5,-2.08,114.81,0
748,2017,14,7.01,7.01,0,0,26.41,8.53,23.08,0,6.66,8.15,2.71,-1.72,122.4,0
749,2017,15,4.6,4.6,0,0,25.8,8.83,30.94,0,5.8,7.05,3.44,-2.12,121.64,0
750,2017,16,3.9,3.9,0,0,26.06,9.78,29.06,0,4.41,5.38,2.16,-0.95,113.74,1
751,2017,17,2.13,2.13,0,0,25.13,10.65,36.08,0,5.63,6.81,1.65,-1.22,126.48,3
752,2017,18,2.06,2.06,0,0,25.15,10.92,39.53,0,4.37,5.33,1.06,-1.06,135,0
753,2017,19,2.9,2.9,0,0,24.14,12.26,36.93,0,4.12,5.01,0.68,-0.5,126.33,1
754,2017,20,2.44,2.44,0,0,25.57,11.43,44.23,0,3.94,4.71,0.79,-1.42,150.91,2
755,2017,21,0,0,0,0,21.59,14.71,55.85,0,4.22,5.1,-2.85,1.97,-55.35,3
756,2017,22,0.89,0.89,0,0,24.75,13.79,42.23,0,4.79,5.75,2.54,-2.47,134.2,1
757,2017,23,1.95,1.95,0,0,20.54,14.94,51.68,0,3.36,4.16,0.79,-1.09,144.07,1
758,2017,24,2.92,2.92,0,0,17.45,15.26,42.9,0,5.56,6.72,1.21,-0.98,129,2
759,2017,25,0.42,0.42,0,0,20.49,14.97,51.26,0,4.85,5.78,-2.13,1.29,-58.8,1
760,2017,26,0,0,0,0,21.85,16.9,61.36,0,4.37,5.28,-2.13,1.79,-49.96,1
761,2017,27,0.01,0.01,0,0,22.57,17.9,60.74,0,3.74,4.52,-0.64,0.22,-71.03,0
762,2017,28,0,0,0,0,22.57,18.02,50.02,0,4.21,5.13,-0.67,0.9,-36.67,2
763,2017,29,0.54,0.54,0,0,22.16,17.69,44.9,0,4.16,5.07,-0.5,0.42,-49.97,1
764,2017,30,0.09,0.09,0,0,23.75,17.45,55.92,0,4.34,5.2,-1.82,2.66,-34.38,4
765,2017,31,0,0,0,0,24.41,18.73,52.04,0,4.68,5.47,-2.55,3.57,-35.54,0
766,2017,32,0.37,0.37,0,0,24.52,19.3,48.16,0,3.22,3.9,-1.75,1.28,-53.82,2
767,2017,33,0.09,0.09,0,0,25.92,16.53,46.51,0,4.22,5.17,-0.79,1.36,-30.15,2
768,2017,34,0.04,0.04,0,0,25.22,17.8,43.96,0,2.92,3.55,-1.76,1.39,-51.7,1
769,2017,35,0.04,0.04,0,0,26.53,18.08,41.33,0,3.44,4.16,-0.58,0.78,-36.63,0
770,2017,36,1.12,1.12,0,0,27.11,18.66,29.38,0,3.47,4.22,-0.69,0.72,-43.78,0
771,2017,37,0.04,0.04,0,0,27.46,15.24,34.1,0,4.51,5.35,-1.55,1.34,-49.16,0
772,2017,38,3.31,3.31,0,0,27.82,13.91,26.9,0,3.37,4.24,-0.38,0.09,-76.68,1
773,2017,39,2.02,2.02,0,0,27.94,13.82,24.39,0,2.21,2.82,0.16,-0.42,159.15,0
774,2017,40,0.91,0.91,0,0,27.72,13.63,25.31,0,3.93,4.74,-2.13,1.52,-54.49,3
775,2017,41,2.44,2.44,0,0,28.09,12.37,19.73,0,4.28,5.29,-1.08,1.18,-42.47,0
776,2017,42,14.14,14.14,0,0,28.41,10.99,9.28,0,7.31,9.07,4.55,-3.32,126.12,1
777,2017,43,0.3,0.3,0,0,28.08,10.63,16.31,0,3.48,4.35,-0.01,-0.08,-172.87,1
778,2017,44,2.63,3.08,0.45,0,27.72,10.52,12.97,0,3.64,4.68,-1.2,0.99,-50.48,0
779,2017,45,2.11,2.11,0,0,28.22,9.71,9.08,0,4.29,5.37,1.27,-0.88,124.72,1
780,2017,46,17.29,17.29,0,0,27.63,9.65,3.8,0,7.96,9.81,5.49,-4.15,127.09,1
781,2017,47,14.53,14.53,0,0,26.58,9.42,3.92,0,7.28,8.96,5.33,-2.95,118.96,2
782,2017,48,6.41,6.41,0,0,26.64,8.94,3.68,0,7.24,8.9,5.17,-3.06,120.62,4
783,2017,49,0.05,0.05,0,0,25.14,7.87,5.94,0,2.78,3.73,-1.53,1.45,-46.54,3
784,2017,50,1.23,1.23,0,0,26.88,8.05,6.63,0,2.86,3.62,-0.94,0.55,-59.67,1
785,2017,51,5.51,6.2,0.68,0,26.98,7.9,4.98,0,4.8,5.97,-0.46,1.13,-22.15,1
786,2017,52,4.13,5.13,1,0,27.04,7.33,3.1,0,4.18,5.29,0.64,0.43,56.1,1
787,2018,1,2.13,2.13,0,0,27.83,7.24,5.16,0,3.59,4.58,-1.58,1.56,-45.36,8
788,2018,2,8.26,8.26,0,0,27.2,8.04,3.2,0,4.94,6,2.51,-0.5,101.27,5
789,2018,3,13.97,13.97,0,0,26.25,8.44,4.63,0,7.24,9.03,5.1,-3.35,123.3,5
790,2018,4,11.22,11.53,0.31,0,26.63,8.41,7.38,0,7.93,9.81,5.06,-3.68,126.03,1
791,2018,5,13.73,13.73,0,0,26.24,8.03,4.57,0,5.56,6.83,3.98,-1.43,109.76,3
792,2018,6,1.16,1.16,0,0,27.15,8.1,11.32,0,4.41,5.39,-0.01,0.61,-0.94,1
793,2018,7,3.28,4.11,0.83,0,27.32,7.57,16.07,0,4.57,5.68,1.04,0.52,63.43,1
794,2018,8,0.46,1.31,0.85,0,27.56,6.76,16.22,0,5.38,6.95,0.44,0.89,26.31,1
795,2018,9,3.11,3.13,0.02,0,27.63,7.37,18.95,0,5.25,6.49,1.84,-0.3,99.26,3
796,2018,10,2.55,2.55,0,0,27.6,7.33,20.95,0,2.7,3.42,-0.2,0.48,-22.62,4
797,2018,11,1,1,0,0.14,27.74,8.06,26.68,0.14,3.42,4.16,-0.11,0.28,-21.45,4
798,2018,12,2.2,2.2,0,1,28.26,8.38,25.32,1,4.33,5.36,2.05,-1.52,126.56,7
799,2018,13,1.77,1.77,0,1,28.24,8.75,25.93,1,5.24,6.39,1.83,-0.5,105.28,5
800,2018,14,8.03,8.03,0,1,28.31,8.64,24.01,1,5.78,7.01,2.21,-0.68,107.1,6
801,2018,15,5.02,5.02,0,1,27.88,8.88,27.9,1,6.53,8,4.82,-3.07,122.49,2
802,2018,16,2.74,2.74,0,0.43,26.9,9.21,33,0.43,4.12,5.05,0.41,-0.22,118.22,3
803,2018,17,1.39,1.39,0,0,28.06,10.91,43.81,0,4.01,4.77,-1.65,0.67,-67.9,0
804,2018,18,0.25,0.25,0,0,28.29,11.54,42.8,0,3.53,4.27,-0.29,-0.04,-97.85,0
805,2018,19,0.92,0.92,0,0,27.27,13.47,51.51,0,4.32,5.2,-1.26,0.37,-73.64,1
806,2018,20,0.09,0.09,0,0,27.25,14.43,55.76,0,3.45,4.12,0.12,-0.42,164.05,2
807,2018,21,0,0,0,0,24.76,15.7,50.86,0,3.31,4.02,-0.09,-0.02,-102.53,1
808,2018,22,0.7,0.7,0,0,22.78,15.99,51.76,0,5.35,6.46,-0.15,0.04,-75.07,2
809,2018,23,2.17,2.17,0,0,26.4,13.96,36.17,0,5.03,6.09,2.71,-2.06,127.24,3
810,2018,24,2.13,2.13,0,0,23.31,14.54,48.19,0,4.35,5.36,-1.23,0.92,-53.2,2
811,2018,25,0.02,0.02,0,0,25.22,15.69,57.63,0,4.14,4.92,-0.34,-0.3,-131.42,0
812,2018,26,3.7,3.7,0,0,23.94,16.13,38.62,0,4.17,5.07,-0.77,0.18,-76.84,2
813,2018,27,0.22,0.22,0,0,25.25,16.04,52.9,0,4.92,5.94,-1.19,0.78,-56.76,0
814,2018,28,1.13,1.13,0,0,25.07,17.34,55.79,0,5,5.96,-3.08,2.01,-56.87,0
815,2018,29,0.01,0.01,0,0,26.81,17.43,59.6,0,4.94,5.88,-2.75,1.8,-56.79,0
816,2018,30,0,0,0,0,26.84,19.44,58.8,0,3.71,4.38,-2.38,1.13,-64.6,0
817,2018,31,0.01,0.01,0,0,27.93,17.7,54.06,0,3.3,3.98,1.15,-1.57,143.78,0
818,2018,32,0.66,0.66,0,0,25.66,18.84,51.67,0,3.2,3.86,-0.05,-0.17,-163.61,0
819,2018,33,0.06,0.06,0,0,26.28,18.89,48.18,0,4.45,5.31,-2.81,1.96,-55.1,1
820,2018,34,0.24,0.24,0,0,27.01,18.62,40.16,0,3.76,4.52,-1.78,1.32,-53.44,0
821,2018,35,0.19,0.19,0,0,27.55,17.15,42.83,0,2.84,3.55,-0.71,0.23,-72.05,0
822,2018,36,1.45,1.45,0,0,27.34,16.9,33.44,0,4.54,5.44,-0.53,0.24,-65.64,0
823,2018,37,10.8,10.8,0,0,29.02,12.42,23.71,0,4.86,5.85,3.6,-1.97,118.69,0
824,2018,38,8.11,8.11,0,0,27.99,12.96,20.78,0,4.7,5.69,1.65,-0.06,92.08,0
825,2018,39,0.62,0.62,0,0,27.74,13.31,29.65,0,3.81,4.58,-2.92,1.29,-66.17,0
826,2018,40,3.64,3.64,0,0,28.4,12.34,20.85,0,5.37,6.54,0.39,1.18,18.29,0
827,2018,41,2,2,0,0,28.32,12.16,21.1,0,3.29,4.02,-1.07,0.89,-50.25,0
828,2018,42,0,0,0,0,28.2,12.16,23.43,0,1.94,2.41,-1.24,0.75,-58.83,0
829,2018,43,5.19,5.19,0,0,28.84,11.37,13.67,0,4.69,5.73,2.06,-0.98,115.44,1
830,2018,44,9.04,9.04,0,0,29.35,10.26,7.07,0,5.72,6.91,3.86,-1.77,114.63,0
831,2018,45,1.02,1.02,0,0,28.41,10.59,11.93,0,3.68,4.61,-0.3,0.52,-29.98,1
832,2018,46,3.98,3.98,0,0,28.31,9.97,9.32,0,4.42,5.46,1.27,0.17,82.38,0
833,2018,47,3.86,3.86,0,0,27.78,9.46,5.39,0,4.93,6.17,2.9,-1.45,116.57,0
834,2018,48,11.85,11.85,0,0,27.76,9.45,5.01,0,5.51,6.73,2.98,-0.88,106.45,0
835,2018,49,1.22,1.22,0,0,27.51,8.25,8.52,0,3.31,4.25,0.06,0.88,3.9,1
836,2018,50,13.61,13.61,0,0,28.63,9.08,1.57,0,8.99,11,6.53,-2.61,111.79,2
837,2018,51,14.79,14.79,0,0,25.32,8.63,3.15,0,8.61,10.63,5.97,-2.93,116.14,2
838,2018,52,9.67,9.68,0,0,27.01,8.09,3.62,0,6.75,8.25,4.31,-0.63,98.32,3
839,2019,1,15.06,15.07,0.01,0,28.06,8.32,2.93,0,7.33,8.94,6.36,-2.49,111.38,7
840,2019,2,5,5.26,0.26,0,27.45,8.1,4.61,0,5.53,6.86,3.09,-1.56,116.79,6
841,2019,3,4.2,4.2,0,0,26.19,7.49,6.96,0,4.12,5.29,1.38,-0.81,120.41,3
842,2019,4,3.91,3.91,0,0,27.56,7.88,7.29,0,4.39,5.37,1.17,0.56,64.42,6
843,2019,5,1.85,1.96,0.11,0,27.65,7.64,8.39,0,3.6,4.52,-0.27,0.4,-34.02,11
844,2019,6,0.08,1.04,0.95,0,28.31,6.93,12.82,0,5.02,6.63,-0.92,1.49,-31.69,0
845,2019,7,1.02,6.4,5.38,0,28.41,6.71,8.84,0,4.42,5.65,0.46,0.27,59.59,5
846,2019,8,2.12,2.14,0.02,0,28.27,6.44,17.3,0,5.14,6.29,-0.18,1.02,-10.01,3
847,2019,9,0.07,0.07,0,0,28.56,6.78,22.88,0,3.99,5.04,-1.35,1.27,-46.75,9
848,2019,10,0.09,0.2,0.11,0,28.8,6.92,25.57,0,3.85,4.81,-0.13,0.61,-12.03,5
849,2019,11,0.93,0.93,0,0,29.12,7.57,20.81,0,5.21,6.3,1.86,-0.33,100.06,6
850,2019,12,0.11,0.11,0,0,29.14,8.72,35.02,0,3.09,3.73,-0.37,-0.09,-103.67,9
851,2019,13,0.5,0.5,0,0,28.91,9.23,35.44,0,3.28,3.95,-0.47,0.39,-50.31,13
852,2019,14,4.25,4.25,0,0,28.87,10.11,27.4,0,4.96,6.04,1.58,-1.13,125.57,4
853,2019,15,3.51,3.51,0,0,28.5,9.39,32.46,0,5.34,6.5,1.44,-0.67,114.95,1
854,2019,16,3.51,3.51,0,0,28.95,9.55,29.3,0,5.42,6.56,1.33,-0.35,104.74,2
855,2019,17,0.71,0.71,0,0,28.12,10.03,40.56,0,6.33,7.64,-1.5,1.21,-51.11,3
856,2019,18,0,0,0,0,28.84,11.38,51.58,0,4.17,5.02,-1.83,0.99,-61.59,3
857,2019,19,0,0,0,0,28.65,13.04,55.24,0,5.5,6.56,-3.89,2.67,-55.54,5
858,2019,20,1.93,1.93,0,0,29.14,13.3,43.65,0,4.13,5,0.92,-0.78,130.29,2
859,2019,21,1.24,1.24,0,0,28.21,13.16,50.46,0,5.47,6.56,-2.16,1.89,-48.81,0
860,2019,22,0,0,0,0,28.38,14.79,61.21,0,3.43,4.1,0.53,-0.41,127.72,0
861,2019,23,0.58,0.58,0,0,26.81,15.23,52.99,0,4.88,5.95,0.09,-0.29,162.76,1
862,2019,24,0.1,0.1,0,0,22.01,17.34,56.18,0,4.25,5.12,-1.94,1.1,-60.45,0
863,2019,25,0.24,0.24,0,0,25.86,17.27,58.52,0,5.52,6.65,-1.52,1.13,-53.37,0
864,2019,26,2.71,2.71,0,0,27.6,15.94,47.57,0,3.74,4.55,0.5,-0.26,117.47,0
865,2019,27,0.8,0.8,0,0,26.67,15.82,46.84,0,4.43,5.22,2.27,-1.93,130.37,0
866,2019,28,2.81,2.81,0,0,27.67,16.13,45.66,0,3.73,4.42,2.9,-1.54,117.97,1
867,2019,29,1.51,1.51,0,0,25.01,17.54,52.16,0,4.67,5.64,-0.81,-0.19,-103.2,0
868,2019,30,0.34,0.34,0,0,26.11,18.17,51.67,0,3.79,4.61,0.08,-0.46,170.13,1
869,2019,31,2.85,2.85,0,0,25.94,18.59,50.47,0,5.23,6.25,-0.85,0.1,-83.29,0
870,2019,32,0.63,0.63,0,0,25.64,19.18,47.89,0,4.58,5.41,0.81,-1.57,152.71,0
871,2019,33,0.24,0.24,0,0,24.79,17.7,45.06,0,3.42,4.13,-0.12,-0.04,-108.43,1
872,2019,34,0.95,0.95,0,0,26.66,16.75,41.61,0,4.81,5.76,2.15,-1.58,126.31,0
873,2019,35,0.02,0.02,0,0,26.45,17.52,40.32,0,4.94,5.91,-2.17,0.26,-83.17,0
874,2019,36,0.82,0.82,0,0,26.99,16.41,38.8,0,3.58,4.32,-1.01,-0.07,-93.96,0
875,2019,37,5.26,5.26,0,0,28.22,15.08,21.99,0,5.22,6.21,4.51,-2.16,115.59,0
876,2019,38,6.18,6.18,0,0,27.94,12.99,24.86,0,4.63,5.63,2.4,-1.07,114.03,2
877,2019,39,3.18,3.18,0,0,27.03,13.91,21.02,0,6.33,7.66,-0.82,1.05,-37.99,0
878,2019,40,1.61,1.61,0,0,27.89,13.08,22.54,0,4.01,5.04,2.36,-0.24,95.81,1
879,2019,41,1.99,1.99,0,0,27.6,11.89,19.33,0,4.32,5.4,-0.66,1.05,-32.15,0
880,2019,42,6.75,6.75,0,0,27.99,11.58,10.5,0,6.28,7.64,2.89,-1.72,120.76,0
881,2019,43,4.94,4.94,0,0,27.83,11.16,12.92,0,6.08,7.41,0.14,0.78,10.18,0
882,2019,44,0,0,0,0,28.09,10.45,17.94,0,3.1,3.85,-0.83,0.97,-40.55,0
883,2019,45,0.9,0.9,0,0,27.61,10.16,8.56,0,2.6,3.24,-0.16,0.3,-28.07,1
884,2019,46,8.85,8.85,0,0,28.47,10.24,6.78,0,3.19,3.9,1.53,-0.68,113.96,1
885,2019,47,2.66,2.66,0,0,28.23,9.8,8.62,0,4.82,5.92,0.95,0.21,77.54,0
886,2019,48,0.56,0.56,0,0,28.68,9.03,10.15,0,4.8,6.11,-1.84,2.57,-35.6,1
887,2019,49,2.14,2.14,0,0,28.59,8.51,3.93,0,3.59,4.52,-0.63,0.78,-38.93,1
888,2019,50,4.92,4.92,0,0,28.8,8.87,4.01,0,4.42,5.37,2.93,-0.88,106.72,2
889,2019,51,8.95,8.95,0,0,28.51,8.94,2.77,0,7.73,9.44,5.86,-2,108.84,0
890,2019,52,2.47,2.47,0,0,28.09,8.21,3.68,0,6.49,7.91,4.12,-1.02,103.91,2